{"_etag": 0, "_content_length": "0", "_schema": 0, "_created_on_utc": 16717419760520060, "_updated_on_utc": 0, "_status_code": "200", "_request_id": "1671741975657003700004348311366590900392", "count": 60, "items": [{"id": "15617514301490018", "_etag": 2, "_schema": 1, "_created_on_utc": 15617514301490018, "_updated_on_utc": 15617517283530255, "tenant_id": "1416", "email": "netadmin@diageo.com", "first_name": "root_1416", "email_validated": true, "disable_idp_login": true, "roles": [{"name": "tenant_root"}], "custom_roles": [], "linked_accounts": [{"id": "15617514301490019", "_etag": 2, "_schema": 1, "_created_on_utc": 15617514301490019, "_updated_on_utc": 15617517283460254, "tenant_id": "1", "provider_key": "password", "provider_value_updated_on": 1561751728346, "failed_login_attempts": 0, "disabled": false, "inactive": false, "region": "hood", "_created_by_operator_id": "15288413453350084", "_updated_by_operator_id": "14441959983030194"}], "is_locked": false, "from_esp": false, "inactive": false, "disabled": false, "region": "hood", "_created_by_operator_id": "1", "_updated_by_operator_id": "14441959983030194", "name": "root_1416"}, {"id": "15793375174860092", "_etag": 8, "_schema": 1, "_created_on_utc": 15793375174860092, "_updated_on_utc": 16511367691980006, "tenant_id": "1416", "email": "system_1416@diageo.com", "first_name": "system_1416", "email_validated": true, "disable_idp_login": true, "roles": [{"name": "system"}], "custom_roles": [{"id": "16155750150320115", "_etag": 1, "_schema": 0, "_created_on_utc": 16155750150320115, "_updated_on_utc": 16155750150320115, "tenant_id": "1416", "name": "sdwanapps_16137647266400238", "permissions": [{"value": "GET_/v[0-9.]+/api/profile"}, {"value": "GET_/v[0-9.]+/api/tenants/[A-Za-z0-9._-]+/servicebindingmaps"}, {"value": "POST_/v[0-9.]+/api/tenants/[A-Za-z0-9._-]+/servicebindingmaps/query"}, {"value": "PUT_/v[0-9.]+/api/tenants/[A-Za-z0-9._-]+/servicebindingmaps/[A-Za-z0-9._-]+"}, {"value": "POST_/v[0-9.]+/api/tenants/[A-Za-z0-9._-]+/servicebindingmaps"}, {"value": "GET_/v[0-9.]+/api/tenants/[A-Za-z0-9._-]+/servicebindingmaps/[A-Za-z0-9._-]+"}, {"value": "DELETE_/v[0-9.]+/api/tenants/[A-Za-z0-9._-]+/servicebindingmaps/[A-Za-z0-9._-]+"}, {"value": "PUT_/v[0-9.]+/api/tenants/[A-Za-z0-9._-]+/servicelabels/[A-Za-z0-9._-]+"}, {"value": "GET_/v[0-9.]+/api/tenants/[A-Za-z0-9._-]+"}, {"value": "DELETE_/v[0-9.]+/api/tenants/[A-Za-z0-9._-]+/servicelabels/[A-Za-z0-9._-]+"}, {"value": "POST_/v[0-9.]+/api/tenants/[A-Za-z0-9._-]+/servicelabels/query"}, {"value": "GET_/v[0-9.]+/api/tenants/[A-Za-z0-9._-]+/servicelabels/[A-Za-z0-9._-]+"}, {"value": "POST_/v[0-9.]+/api/tenants/[A-Za-z0-9._-]+/servicelabels"}, {"value": "GET_/v[0-9.]+/api/tenants/[A-Za-z0-9._-]+/servicelabels"}, {"value": "GET_/v[0-9.]+/api/tenants/[A-Za-z0-9._-]+/serviceendpoints/[A-Za-z0-9._-]+"}, {"value": "DELETE_/v[0-9.]+/api/tenants/[A-Za-z0-9._-]+/serviceendpoints/[A-Za-z0-9._-]+"}, {"value": "POST_/v[0-9.]+/api/tenants/[A-Za-z0-9._-]+/serviceendpoints"}, {"value": "PUT_/v[0-9.]+/api/tenants/[A-Za-z0-9._-]+/serviceendpoints/[A-Za-z0-9._-]+"}, {"value": "GET_/v[0-9.]+/api/tenants/[A-Za-z0-9._-]+/ipsecprofiles"}, {"value": "GET_/v[0-9.]+/api/tenants/[A-Za-z0-9._-]+/serviceendpoints"}, {"value": "GET_/v[0-9.]+/api/tenants/[A-Za-z0-9._-]+/sites/[A-Za-z0-9._-]+/elements/[A-Za-z0-9._-]+/interfaces/[A-Za-z0-9._-]+"}, {"value": "GET_/v[0-9.]+/api/tenants/[A-Za-z0-9._-]+/sites/[A-Za-z0-9._-]+/waninterfaces"}, {"value": "GET_/v[0-9.]+/api/tenants/[A-Za-z0-9._-]+/sites"}, {"value": "GET_/v[0-9.]+/api/tenants/[A-Za-z0-9._-]+/sites/[A-Za-z0-9._-]+"}, {"value": "POST_/v[0-9.]+/api/tenants/[A-Za-z0-9._-]+/sites/[A-Za-z0-9._-]+/elements/[A-Za-z0-9._-]+/interfaces"}, {"value": "DELETE_/v[0-9.]+/api/tenants/[A-Za-z0-9._-]+/sites/[A-Za-z0-9._-]+/elements/[A-Za-z0-9._-]+/interfaces/[A-Za-z0-9._-]+"}, {"value": "GET_/v[0-9.]+/api/tenants/[A-Za-z0-9._-]+/elements"}, {"value": "GET_/v[0-9.]+/api/tenants/[A-Za-z0-9._-]+/waninterfacelabels"}, {"value": "PUT_/v[0-9.]+/api/tenants/[A-Za-z0-9._-]+/sites/[A-Za-z0-9._-]+/elements/[A-Za-z0-9._-]+/interfaces/[A-Za-z0-9._-]+"}, {"value": "GET_/v[0-9.]+/api/tenants/[A-Za-z0-9._-]+/sites/[A-Za-z0-9._-]+/elements/[A-Za-z0-9._-]+/interfaces"}, {"value": "GET_/v[0-9.]+/api/tenants/[A-Za-z0-9._-]+/ws"}, {"value": "GET_/v[0-9.]+/api/tenants/[A-Za-z0-9._-]+/ws/subject"}, {"value": "POST_/v[0-9.]+/api/tenants/[A-Za-z0-9._-]+/topology"}, {"value": "GET_/v[0-9.]+/api/tenants/[A-Za-z0-9._-]+/sites/[A-Za-z0-9._-]+/elements/[A-Za-z0-9._-]+/interfaces/[A-Za-z0-9._-]+/status"}], "custom_permissions": [], "is_system_owned": true, "disabled": false, "inactive": false, "region": "hood", "_created_by_operator_id": "1", "_updated_by_operator_id": "1"}, {"id": "16164754942120003", "_etag": 1, "_schema": 0, "_created_on_utc": 16164754942120003, "_updated_on_utc": 16164754942120003, "tenant_id": "1416", "name": "sdwanapps_15894019336040044", "permissions": [{"value": "GET_/v[0-9.]+/api/profile"}, {"value": "GET_/v[0-9.]+/api/tenants/[A-Za-z0-9._-]+"}, {"value": "GET_/v[0-9.]+/api/tenants/[A-Za-z0-9._-]+/sites/[A-Za-z0-9._-]+/waninterfaces"}, {"value": "GET_/v[0-9.]+/api/tenants/[A-Za-z0-9._-]+/sites/[A-Za-z0-9._-]+/waninterfaces/[A-Za-z0-9._-]+"}, {"value": "POST_/v[0-9.]+/api/tenants/[A-Za-z0-9._-]+/events/query"}, {"value": "GET_/v[0-9.]+/api/tenants/[A-Za-z0-9._-]+/events/[A-Za-z0-9._-]+"}, {"value": "GET_/v[0-9.]+/api/tenants/[A-Za-z0-9._-]+/sites/[A-Za-z0-9._-]+/elements/[A-Za-z0-9._-]+/interfaces"}, {"value": "GET_/v[0-9.]+/api/tenants/[A-Za-z0-9._-]+/sites/[A-Za-z0-9._-]+/elements/[A-Za-z0-9._-]+/interfaces/[A-Za-z0-9._-]+"}, {"value": "GET_/v[0-9.]+/api/tenants/[A-Za-z0-9._-]+/sites"}, {"value": "GET_/v[0-9.]+/api/tenants/[A-Za-z0-9._-]+/sites/[A-Za-z0-9._-]+"}, {"value": "GET_/v[0-9.]+/api/tenants/[A-Za-z0-9._-]+/elements"}, {"value": "GET_/v[0-9.]+/api/tenants/[A-Za-z0-9._-]+/elements/[A-Za-z0-9._-]+"}, {"value": "GET_/v[0-9.]+/api/tenants/[A-Za-z0-9._-]+/wannetworks"}, {"value": "GET_/v[0-9.]+/api/tenants/[A-Za-z0-9._-]+/wannetworks/[A-Za-z0-9._-]+"}, {"value": "GET_/v[0-9.]+/api/tenants/[A-Za-z0-9._-]+/anynetlinks/[A-Za-z0-9._-]+"}, {"value": "GET_/v[0-9.]+/api/tenants/[A-Za-z0-9._-]+/sites/[A-Za-z0-9._-]+/anynetlinks/[A-Za-z0-9._-]+"}], "custom_permissions": [], "is_system_owned": true, "disabled": false, "inactive": false, "region": "hood", "_created_by_operator_id": "1", "_updated_by_operator_id": "1"}, {"id": "16511367691850005", "_etag": 1, "_schema": 0, "_created_on_utc": 16511367691850005, "_updated_on_utc": 16511367691850005, "tenant_id": "1416", "name": "sdwanapps_16137647659660138", "permissions": [{"value": "POST_/v[0-9.]+/api/login"}, {"value": "GET_/v[0-9.]+/api/profile"}, {"value": "GET_/v[0-9.]+/api/tenants/[A-Za-z0-9._-]+"}, {"value": "GET_/v[0-9.]+/api/tenants/[A-Za-z0-9._-]+/sites"}, {"value": "GET_/v[0-9.]+/api/tenants/[A-Za-z0-9._-]+/sites/[A-Za-z0-9._-]+"}, {"value": "GET_/v[0-9.]+/api/tenants/[A-Za-z0-9._-]+/elements"}, {"value": "GET_/v[0-9.]+/api/tenants/[A-Za-z0-9._-]+/elements/[A-Za-z0-9._-]+"}, {"value": "GET_/v[0-9.]+/api/tenants/[A-Za-z0-9._-]+/sites/[A-Za-z0-9._-]+/waninterfaces"}, {"value": "GET_/v[0-9.]+/api/tenants/[A-Za-z0-9._-]+/sites/[A-Za-z0-9._-]+/waninterfaces/[A-Za-z0-9._-]+"}, {"value": "GET_/v[0-9.]+/api/tenants/[A-Za-z0-9._-]+/sites/[A-Za-z0-9._-]+/elements/[A-Za-z0-9._-]+/interfaces"}, {"value": "GET_/v[0-9.]+/api/tenants/[A-Za-z0-9._-]+/sites/[A-Za-z0-9._-]+/elements/[A-Za-z0-9._-]+/interfaces/[A-Za-z0-9._-]+"}, {"value": "GET_/v[0-9.]+/api/tenants/[A-Za-z0-9._-]+/events/[A-Za-z0-9._-]+"}, {"value": "PUT_/v[0-9.]+/api/tenants/[A-Za-z0-9._-]+/events/[A-Za-z0-9._-]+"}, {"value": "POST_/v[0-9.]+/api/tenants/[A-Za-z0-9._-]+/topology"}, {"value": "POST_/v[0-9.]+/api/tenants/[A-Za-z0-9._-]+/events/query"}, {"value": "GET_/v[0-9.]+/api/tenants/[A-Za-z0-9._-]+/eventcorrelationpolicysets/[A-Za-z0-9._-]+/eventcorrelationpolicyrules"}, {"value": "GET_/v[0-9.]+/api/tenants/[A-Za-z0-9._-]+/eventcorrelationpolicysets"}, {"value": "GET_/v[0-9.]+/api/tenants/[A-Za-z0-9._-]+/sites/[A-Za-z0-9._-]+/elements/[A-Za-z0-9._-]+/ipfix"}, {"value": "GET_/v[0-9.]+/api/tenants/[A-Za-z0-9._-]+/sites/[A-Za-z0-9._-]+/elements/[A-Za-z0-9._-]+/syslogservers/[A-Za-z0-9._-]+"}, {"value": "GET_/v[0-9.]+/api/tenants/[A-Za-z0-9._-]+/serviceendpoints/[A-Za-z0-9._-]+"}], "custom_permissions": [], "is_system_owned": true, "disabled": false, "inactive": false, "region": "hood", "_created_by_operator_id": "16378288711420233", "_updated_by_operator_id": "16378288711420233"}], "linked_accounts": [{"id": "15793375174860093", "_etag": 1, "_schema": 1, "_created_on_utc": 15793375174860093, "_updated_on_utc": 15793375174860093, "tenant_id": "1", "provider_key": "password", "provider_value_updated_on": 1579337517386, "failed_login_attempts": 0, "disabled": false, "inactive": false, "region": "hood", "_created_by_operator_id": "15012722859850236", "_updated_by_operator_id": "15012722859850236"}], "is_locked": false, "from_esp": false, "enable_session_ip_lock": false, "is_system_owned": true, "inactive": false, "disabled": false, "region": "hood", "_created_by_operator_id": "1", "_updated_by_operator_id": "16378288711420233", "name": "system_1416"}, {"id": "16130109274640248", "_etag": 11, "_schema": 1, "_created_on_utc": 16130109274640249, "_updated_on_utc": 16597710918680021, "tenant_id": "1416", "email": "balagopal.venugopalan@diageo.com", "first_name": "Balagopal", "last_name": "Venugopalan", "last_login": 1613010927464, "email_validated": true, "disable_idp_login": false, "roles": [{"name": "tenant_viewonly"}], "custom_roles": [], "linked_accounts": [{"id": "16130109275730003", "_etag": 14, "_schema": 1, "_created_on_utc": 16130109275730003, "_updated_on_utc": 16597710918520020, "tenant_id": "1", "provider_key": "password", "provider_value_updated_on": 1652178499322, "failed_login_attempts": 0, "disabled": false, "inactive": false, "region": "hood", "_created_by_operator_id": "15009868823900116", "_updated_by_operator_id": "16130109274640248"}], "settings": "{\"v1Prefs\":{\"map\":{\"state\":{\"stoplightColor\":\"alarm status\",\"mapPopoverShows\":1,\"center\":{\"lat\":13.068776734357694,\"lng\":77.65136718750001},\"zoom\":4},\"siteListFilters\":{\"filter\":\"dbb\",\"status\":[],\"connectivity\":[],\"domain\":[],\"type\":[],\"mode\":[],\"tags\":[]},\"deviceListFilters\":{\"filter\":\"dbb\",\"connected\":[],\"type\":[],\"tags\":[],\"cellularSupportedOnly\":false}}}}", "is_locked": false, "from_esp": false, "inactive": false, "disabled": false, "region": "hood", "_created_by_operator_id": "1", "_updated_by_operator_id": "16130109274640248", "name": "Balagopal Venugopalan"}, {"id": "16130562802460017", "_etag": 3, "_schema": 1, "_created_on_utc": 16130562802460018, "_updated_on_utc": 16551064982550249, "tenant_id": "1416", "email": "richard.cowlin@diageo.com", "first_name": "Richard", "last_name": "Cowlin", "last_login": 1613056280246, "email_validated": false, "disable_idp_login": false, "roles": [{"name": "tenant_viewonly"}], "custom_roles": [], "linked_accounts": [{"id": "16130562803460019", "_etag": 2, "_schema": 1, "_created_on_utc": 16130562803460019, "_updated_on_utc": 16551064982460248, "tenant_id": "1", "provider_key": "password", "provider_value_updated_on": 1613056280246, "failed_login_attempts": 0, "disabled": false, "inactive": false, "region": "hood", "_created_by_operator_id": "15009868823900116", "_updated_by_operator_id": "16378288711420233"}], "is_locked": false, "from_esp": false, "inactive": false, "disabled": false, "region": "hood", "_created_by_operator_id": "1", "_updated_by_operator_id": "16378288711420233", "name": "Richard Cowlin"}, {"id": "16130563626080121", "_etag": 14, "_schema": 1, "_created_on_utc": 16130563626080122, "_updated_on_utc": 16551064870480245, "tenant_id": "1416", "email": "ryuji.mori@diageo.com", "first_name": "Ryuji", "last_name": "Mori", "last_login": 1613056362608, "email_validated": true, "disable_idp_login": false, "roles": [{"name": "tenant_viewonly"}], "custom_roles": [], "linked_accounts": [{"id": "16130563627150127", "_etag": 13, "_schema": 1, "_created_on_utc": 16130563627150127, "_updated_on_utc": 16551064870330244, "tenant_id": "1", "provider_key": "password", "provider_value_updated_on": 1613073353159, "failed_login_attempts": 0, "disabled": false, "inactive": false, "region": "hood", "_created_by_operator_id": "15009868823900116", "_updated_by_operator_id": "16378288711420233"}], "settings": "{\"v1Prefs\":{\"map\":{\"state\":{\"stoplightColor\":\"alarm status\",\"mapPopoverShows\":1,\"center\":{\"lat\":-7.18810087117902,\"lng\":0},\"zoom\":2}}}}", "is_locked": false, "from_esp": false, "inactive": false, "disabled": false, "region": "hood", "_created_by_operator_id": "1", "_updated_by_operator_id": "16378288711420233", "name": "Ryuji Mori"}, {"id": "16166840200460012", "_etag": 41, "_schema": 1, "_created_on_utc": 16166840200460013, "_updated_on_utc": 16602930023350204, "tenant_id": "1416", "email": "sarath.s44@diageo.com", "first_name": "Sarath", "last_name": "S43", "last_login": 1616684020046, "email_validated": true, "disable_idp_login": false, "roles": [{"name": "tenant_network_admin"}], "custom_roles": [], "linked_accounts": [{"id": "16166840201260014", "_etag": 79, "_schema": 1, "_created_on_utc": 16166840201260014, "_updated_on_utc": 16602930023230203, "tenant_id": "1", "provider_key": "password", "provider_value_updated_on": 1654258112708, "failed_login_attempts": 0, "disabled": false, "inactive": false, "region": "hood", "_created_by_operator_id": "16129659131450141", "_updated_by_operator_id": "16166840200460012"}], "settings": "{\"v1Prefs\":{\"map\":{\"state\":{\"stoplightColor\":\"alarm status\",\"mapPopoverShows\":1,\"center\":{\"lat\":51.62654252978602,\"lng\":-0.13183593750000003},\"zoom\":9},\"deviceListFilters\":{\"filter\":\"ld7\",\"connected\":[],\"type\":[],\"tags\":[],\"cellularSupportedOnly\":false},\"siteListFilters\":{\"filter\":null,\"status\":[],\"connectivity\":[],\"domain\":[],\"type\":[],\"mode\":[],\"tags\":[]}},\"eulaAgreeTimestamp\":1640087048629}}", "is_locked": false, "from_esp": false, "inactive": false, "disabled": false, "region": "hood", "_created_by_operator_id": "1", "_updated_by_operator_id": "16166840200460012", "name": "Sarath S43"}, {"id": "16166850046300221", "_etag": 399, "_schema": 1, "_created_on_utc": 16166850046300222, "_updated_on_utc": 16710381262600057, "tenant_id": "1416", "email": "bhanuprakash.gudipati@diageo.com", "first_name": "BhanuPrakash", "last_name": "Gudipati", "last_login": 1616685004630, "email_validated": true, "disable_idp_login": false, "roles": [{"name": "tenant_viewonly"}], "custom_roles": [], "linked_accounts": [{"id": "16166850047240223", "_etag": 444, "_schema": 1, "_created_on_utc": 16166850047240223, "_updated_on_utc": 16710381262480056, "tenant_id": "1", "provider_key": "password", "provider_value_updated_on": 1616751824887, "failed_login_attempts": 1, "disabled": false, "inactive": false, "region": "hood", "_created_by_operator_id": "16129659131450141", "_updated_by_operator_id": "16166850046300221"}], "settings": "{\"v1Prefs\":{\"map\":{\"state\":{\"stoplightColor\":\"alarm status\",\"mapPopoverShows\":1,\"center\":{\"lat\":51.87242,\"lng\":0.1929342},\"zoom\":17,\"filters\":{\"status\":[],\"connectivity\":[],\"type\":[],\"mode\":[],\"domain\":[],\"tags\":[]}},\"deviceListFilters\":{\"filter\":null,\"connected\":[],\"type\":[\"SPOKE\"],\"tags\":[],\"cellularSupportedOnly\":false},\"machineListFilters\":{\"filter\":null,\"connected\":[\"false\",\"true\"],\"cellularSupportedOnly\":false},\"siteListFilters\":{\"filter\":\"122\",\"status\":[],\"connectivity\":[],\"domain\":[],\"type\":[],\"mode\":[],\"tags\":[]}}}}", "is_locked": false, "from_esp": false, "inactive": false, "disabled": false, "region": "hood", "_created_by_operator_id": "1", "_updated_by_operator_id": "16166850046300221", "name": "BhanuPrakash Gudipati"}, {"id": "16166851868750034", "_etag": 69, "_schema": 1, "_created_on_utc": 16166851868750035, "_updated_on_utc": 16578280822930228, "tenant_id": "1416", "email": "haritha.k@diageo.com", "first_name": "Haritha", "last_name": "K", "last_login": 1616685186875, "email_validated": true, "disable_idp_login": false, "roles": [{"name": "tenant_viewonly"}], "custom_roles": [], "linked_accounts": [{"id": "16166851869730036", "_etag": 79, "_schema": 1, "_created_on_utc": 16166851869730036, "_updated_on_utc": 16578280822830227, "tenant_id": "1", "provider_key": "password", "provider_value_updated_on": 1623319446982, "failed_login_attempts": 0, "disabled": false, "inactive": false, "region": "hood", "_created_by_operator_id": "16129659131450141", "_updated_by_operator_id": "16166851868750034"}], "settings": "{\"v1Prefs\":{\"map\":{\"state\":{\"stoplightColor\":\"alarm status\",\"mapPopoverShows\":1,\"center\":{\"lat\":6.58333,\"lng\":3.33333},\"zoom\":8},\"siteListFilters\":{\"filter\":\"980\",\"status\":[],\"connectivity\":[],\"domain\":[],\"type\":[],\"mode\":[],\"tags\":[]},\"deviceListFilters\":{\"filter\":\"259\",\"connected\":[],\"type\":[],\"tags\":[],\"cellularSupportedOnly\":false}}}}", "is_locked": false, "from_esp": false, "inactive": false, "disabled": false, "region": "hood", "_created_by_operator_id": "1", "_updated_by_operator_id": "16166851868750034", "name": "Haritha K"}, {"id": "16172842366300055", "_etag": 18, "_schema": 1, "_created_on_utc": 16172842366300056, "_updated_on_utc": 16668621679060209, "tenant_id": "1416", "email": "doreen.mugisha@diageo.com", "first_name": "Doreen", "last_name": "Mugisha", "last_login": 1617284236630, "email_validated": true, "disable_idp_login": false, "roles": [{"name": "tenant_viewonly"}], "custom_roles": [], "linked_accounts": [{"id": "16172842367130057", "_etag": 29, "_schema": 1, "_created_on_utc": 16172842367130057, "_updated_on_utc": 16668621678940208, "tenant_id": "1", "provider_key": "password", "provider_value_updated_on": 1646140406626, "failed_login_attempts": 0, "disabled": false, "inactive": false, "region": "hood", "_created_by_operator_id": "16129659131450141", "_updated_by_operator_id": "16172842366300055"}], "settings": "{\"v1Prefs\":{\"map\":{\"state\":{\"stoplightColor\":\"alarm status\",\"mapPopoverShows\":1,\"center\":{\"lat\":1.2193903597622147,\"lng\":34.18945312500001},\"zoom\":6},\"deviceListFilters\":{\"filter\":null,\"connected\":[],\"type\":[\"SPOKE\"],\"tags\":[]}}}}", "is_locked": false, "from_esp": false, "inactive": false, "disabled": false, "region": "hood", "_created_by_operator_id": "1", "_updated_by_operator_id": "16172842366300055", "name": "Doreen Mugisha"}, {"id": "16172890150870093", "_etag": 18, "_schema": 1, "_created_on_utc": 16172890150870094, "_updated_on_utc": 16656719399820015, "tenant_id": "1416", "email": "abilash.bv@diageo.com", "first_name": "Abilash", "last_name": "BV", "last_login": 1617289015087, "email_validated": true, "disable_idp_login": false, "roles": [{"name": "tenant_viewonly"}], "custom_roles": [], "linked_accounts": [{"id": "16172890151680097", "_etag": 40, "_schema": 1, "_created_on_utc": 16172890151680097, "_updated_on_utc": 16656719399740014, "tenant_id": "1", "provider_key": "password", "provider_value_updated_on": 1654600517235, "failed_login_attempts": 0, "disabled": false, "inactive": false, "region": "hood", "_created_by_operator_id": "16129659131450141", "_updated_by_operator_id": "16172890150870093"}], "settings": "{\"v1Prefs\":{\"map\":{\"state\":{\"stoplightColor\":\"alarm status\",\"mapPopoverShows\":1,\"center\":{\"lat\":56.17155205794861,\"lng\":-3.8685607910156254},\"zoom\":10},\"deviceListFilters\":{\"filter\":null,\"connected\":[\"false\"],\"type\":[\"SPOKE\"],\"tags\":[],\"cellularSupportedOnly\":false},\"siteListFilters\":{\"filter\":\"bla\",\"status\":[],\"connectivity\":[],\"domain\":[],\"type\":[],\"mode\":[],\"tags\":[]}}}}", "is_locked": false, "from_esp": false, "inactive": false, "disabled": false, "region": "hood", "_created_by_operator_id": "1", "_updated_by_operator_id": "16172890150870093", "name": "Abilash BV"}, {"id": "16185699980130007", "_etag": 11, "_schema": 1, "_created_on_utc": 16185699982080023, "_updated_on_utc": 16575226995690078, "tenant_id": "1416", "email": "nimesh.patel1@wipro.com", "first_name": "Nimesh", "last_name": "Patel", "last_login": 1618569998013, "email_validated": true, "disable_idp_login": true, "roles": [{"name": "tenant_viewonly"}], "custom_roles": [], "linked_accounts": [{"id": "16185699981660015", "_etag": 26, "_schema": 1, "_created_on_utc": 16185699981660015, "_updated_on_utc": 16575226995380077, "tenant_id": "1", "provider_key": "password", "provider_value_updated_on": 1657104788114, "failed_login_attempts": 0, "disabled": false, "inactive": false, "region": "hood", "_created_by_operator_id": "16073664848700169", "_updated_by_operator_id": "16185699980130007"}], "settings": "{\"v1Prefs\":{\"map\":{\"state\":{\"stoplightColor\":\"alarm status\",\"mapPopoverShows\":1,\"center\":{\"lat\":54.91451400766527,\"lng\":-2.1752929687500004},\"zoom\":6},\"deviceListFilters\":{\"filter\":null,\"connected\":[\"false\"],\"type\":[\"SPOKE\"],\"tags\":[],\"cellularSupportedOnly\":false},\"siteListFilters\":{\"filter\":null,\"status\":[],\"connectivity\":[],\"domain\":[\"16124499946720138\"],\"type\":[],\"mode\":[],\"tags\":[]}}}}", "is_locked": false, "from_esp": false, "inactive": false, "disabled": false, "region": "hood", "_created_by_operator_id": "16073664848700169", "_updated_by_operator_id": "16185699980130007", "name": "Nimesh Patel"}, {"id": "16185728019760135", "_etag": 355, "_schema": 1, "_created_on_utc": 16185728021360151, "_updated_on_utc": 16716980203870136, "tenant_id": "1416", "email": "satish.upendra@diageo.com", "first_name": "Satish", "last_name": "Upendra", "last_login": 1618572801976, "email_validated": true, "disable_idp_login": false, "roles": [{"name": "tenant_super"}], "custom_roles": [], "linked_accounts": [{"id": "16185728021040143", "_etag": 426, "_schema": 1, "_created_on_utc": 16185728021040143, "_updated_on_utc": 16716980203700135, "tenant_id": "1", "provider_key": "password", "provider_value_updated_on": 1618572973325, "failed_login_attempts": 0, "disabled": false, "inactive": false, "region": "hood", "_created_by_operator_id": "16073664848700169", "_updated_by_operator_id": "16185728019760135"}], "settings": "{\"v1Prefs\":{\"map\":{\"state\":{\"stoplightColor\":\"alarm status\",\"mapPopoverShows\":1,\"center\":{\"lat\":-0.2479,\"lng\":35.7374},\"zoom\":17},\"deviceListFilters\":{\"filter\":\"lev\",\"connected\":[\"true\"],\"type\":[\"SPOKE\"],\"tags\":[],\"cellularSupportedOnly\":false},\"siteListFilters\":{\"filter\":\"ben\",\"status\":[],\"connectivity\":[],\"domain\":[],\"type\":[],\"mode\":[],\"tags\":[]},\"machineListFilters\":{\"filter\":\"3811\",\"connected\":[],\"cellularSupportedOnly\":false}},\"eulaAgreeTimestamp\":1667904912669}}", "is_locked": false, "from_esp": false, "inactive": false, "disabled": false, "region": "hood", "_created_by_operator_id": "16073664848700169", "_updated_by_operator_id": "16185728019760135", "name": "Satish Upendra"}, {"id": "16206397736790054", "_etag": 237, "_schema": 1, "_created_on_utc": 16206397738300070, "_updated_on_utc": 16704205152410115, "tenant_id": "1416", "email": "ramesh.patil@diageo.com", "first_name": "Ramesh", "last_name": "Patil", "last_login": 1620639773679, "email_validated": true, "disable_idp_login": false, "roles": [{"name": "tenant_super"}], "custom_roles": [], "linked_accounts": [{"id": "16206397737950062", "_etag": 276, "_schema": 1, "_created_on_utc": 16206397737950062, "_updated_on_utc": 16704205154260115, "tenant_id": "1", "provider_key": "password", "provider_value_updated_on": 1634659413911, "failed_login_attempts": 0, "disabled": false, "inactive": false, "region": "hood", "_created_by_operator_id": "16129659131450141", "_updated_by_operator_id": "16206397736790054"}], "settings": "{\"v1Prefs\":{\"map\":{\"state\":{\"stoplightColor\":\"alarm status\",\"mapPopoverShows\":1,\"center\":{\"lat\":13.04432029567758,\"lng\":77.61669158935547},\"zoom\":17,\"darkMode\":false},\"deviceListFilters\":{\"filter\":\"22\",\"connected\":[],\"type\":[],\"tags\":[],\"cellularSupportedOnly\":false},\"siteListFilters\":{\"filter\":\"ld7\",\"status\":[],\"connectivity\":[],\"domain\":[],\"type\":[],\"mode\":[],\"tags\":[]},\"machineListFilters\":{\"filter\":\"900\",\"connected\":[],\"cellularSupportedOnly\":false}},\"eulaAgreeTimestamp\":1658419314198}}", "is_locked": false, "from_esp": false, "inactive": false, "disabled": false, "region": "hood", "_created_by_operator_id": "16129659131450141", "_updated_by_operator_id": "16206397736790054", "name": "Ramesh Patil"}, {"id": "16225415792160170", "_etag": 252, "_schema": 1, "_created_on_utc": 16225415793730186, "_updated_on_utc": 16715827935180057, "tenant_id": "1416", "email": "azhar.mohammed2@diageo.com", "first_name": "Azhar", "last_name": "Mohammed1", "last_login": 1622541579216, "email_validated": true, "disable_idp_login": false, "roles": [{"name": "tenant_viewonly"}], "custom_roles": [], "linked_accounts": [{"id": "16225415793350178", "_etag": 282, "_schema": 1, "_created_on_utc": 16225415793350178, "_updated_on_utc": 16715827936790028, "tenant_id": "1", "provider_key": "password", "provider_value_updated_on": 1646065987737, "failed_login_attempts": 0, "disabled": false, "inactive": false, "region": "hood", "_created_by_operator_id": "16073664848700169", "_updated_by_operator_id": "16225415792160170"}], "settings": "{\"v1Prefs\":{\"map\":{\"state\":{\"stoplightColor\":\"alarm status\",\"mapPopoverShows\":1,\"center\":{\"lat\":55.87537,\"lng\":-4.2494},\"zoom\":11},\"siteListFilters\":{\"filter\":\"229\",\"status\":[],\"connectivity\":[],\"domain\":[],\"type\":[],\"mode\":[],\"tags\":[]},\"deviceListFilters\":{\"filter\":null,\"connected\":[],\"type\":[],\"tags\":[],\"cellularSupportedOnly\":false}}}}", "is_locked": false, "from_esp": false, "inactive": false, "disabled": false, "region": "hood", "_created_by_operator_id": "16073664848700169", "_updated_by_operator_id": "16225415792160170", "name": "Azhar Mohammed1"}, {"id": "16227375702470128", "_etag": 32, "_schema": 1, "_created_on_utc": 16227375703520130, "_updated_on_utc": 16702287172210093, "tenant_id": "1416", "email": "ramith.raveendran1@diageo.com", "first_name": "Ramith", "last_name": "Raveendran", "last_login": 1622737570247, "email_validated": true, "disable_idp_login": true, "roles": [{"name": "tenant_super"}], "custom_roles": [], "linked_accounts": [{"id": "16227375703430129", "_etag": 50, "_schema": 1, "_created_on_utc": 16227375703430129, "_updated_on_utc": 16702287172040092, "tenant_id": "1", "provider_key": "password", "provider_value_updated_on": 1622738119590, "failed_login_attempts": 0, "disabled": false, "inactive": false, "region": "hood", "_created_by_operator_id": "16227085855840180", "_updated_by_operator_id": "16378288711420233"}], "settings": "{\"v1Prefs\":{\"map\":{\"state\":{\"stoplightColor\":\"alarm status\",\"mapPopoverShows\":1,\"center\":{\"lat\":0.29749295,\"lng\":32.65282},\"zoom\":6}},\"eulaAgreeTimestamp\":1661432286332}}", "is_locked": false, "from_esp": false, "inactive": false, "disabled": false, "region": "hood", "_created_by_operator_id": "16227085855840180", "_updated_by_operator_id": "16378288711420233", "name": "Ramith Raveendran"}, {"id": "16244376951970189", "_etag": 48, "_schema": 1, "_created_on_utc": 16244376952870191, "_updated_on_utc": 16615721380590253, "tenant_id": "1416", "email": "treesa.james@diageo.com", "first_name": "Treesa", "last_name": "James", "last_login": 1624437695197, "email_validated": true, "disable_idp_login": false, "roles": [{"name": "tenant_viewonly"}], "custom_roles": [], "linked_accounts": [{"id": "16244376952820190", "_etag": 68, "_schema": 1, "_created_on_utc": 16244376952820190, "_updated_on_utc": 16615721380520252, "tenant_id": "1", "provider_key": "password", "provider_value_updated_on": 1650526551062, "failed_login_attempts": 0, "disabled": false, "inactive": false, "region": "hood", "_created_by_operator_id": "16227375702470128", "_updated_by_operator_id": "16244376951970189"}], "settings": "{\"v1Prefs\":{\"map\":{\"state\":{\"stoplightColor\":\"alarm status\",\"mapPopoverShows\":1,\"center\":{\"lat\":0,\"lng\":0},\"zoom\":12},\"siteListFilters\":{\"filter\":\"1211\",\"status\":[],\"connectivity\":[],\"domain\":[],\"type\":[],\"mode\":[],\"tags\":[]}}}}", "is_locked": false, "from_esp": false, "inactive": false, "disabled": false, "region": "hood", "_created_by_operator_id": "16227375702470128", "_updated_by_operator_id": "16244376951970189", "name": "Treesa James"}, {"id": "16306690753680248", "_etag": 15, "_schema": 1, "_created_on_utc": 16306690754650250, "_updated_on_utc": 16705934929640181, "tenant_id": "1416", "email": "sini.k@diageo.com", "first_name": "Sini", "last_name": "Kooverikkaran", "last_login": 1630669075368, "email_validated": true, "disable_idp_login": false, "roles": [{"name": "tenant_viewonly"}], "custom_roles": [], "linked_accounts": [{"id": "16306690754540249", "_etag": 25, "_schema": 1, "_created_on_utc": 16306690754540249, "_updated_on_utc": 16705934929470180, "tenant_id": "1", "provider_key": "password", "provider_value_updated_on": 1630669183761, "failed_login_attempts": 0, "disabled": false, "inactive": false, "region": "hood", "_created_by_operator_id": "16227375702470128", "_updated_by_operator_id": "16306690753680248"}], "settings": "{\"v1Prefs\":{\"map\":{\"state\":{\"stoplightColor\":\"alarm status\",\"mapPopoverShows\":1,\"center\":{\"lat\":38.272688535980976,\"lng\":0},\"zoom\":2},\"siteListFilters\":{\"filter\":\"db\",\"status\":[],\"connectivity\":[],\"domain\":[],\"type\":[],\"mode\":[],\"tags\":[]}}}}", "is_locked": false, "from_esp": false, "inactive": false, "disabled": false, "region": "hood", "_created_by_operator_id": "16227375702470128", "_updated_by_operator_id": "16306690753680248", "name": "Sini Kooverikkaran"}, {"id": "16334479984610048", "_etag": 9, "_schema": 1, "_created_on_utc": 16334479985550050, "_updated_on_utc": 16715349746870120, "tenant_id": "1416", "email": "kavya.2.k@diageo.com", "first_name": "Kavya", "last_name": "K", "last_login": 1633447998461, "email_validated": true, "disable_idp_login": false, "roles": [{"name": "tenant_viewonly"}], "custom_roles": [], "linked_accounts": [{"id": "16334479985480049", "_etag": 16, "_schema": 1, "_created_on_utc": 16334479985480049, "_updated_on_utc": 16715349746690119, "tenant_id": "1", "provider_key": "password", "provider_value_updated_on": 1650372302796, "failed_login_attempts": 0, "disabled": false, "inactive": false, "region": "hood", "_created_by_operator_id": "16227375702470128", "_updated_by_operator_id": "16334479984610048"}], "settings": "{\"v1Prefs\":{\"map\":{\"state\":{\"stoplightColor\":\"alarm status\",\"mapPopoverShows\":1,\"center\":{\"lat\":51.17934297928929,\"lng\":0},\"zoom\":2}}}}", "is_locked": false, "from_esp": false, "inactive": false, "disabled": false, "region": "hood", "_created_by_operator_id": "16227375702470128", "_updated_by_operator_id": "16334479984610048", "name": "Kavya K"}, {"id": "16378204259110090", "_etag": 2640, "_schema": 1, "_created_on_utc": 16378204262680106, "_updated_on_utc": 16705731362580053, "tenant_id": "1416", "email": "raghvendra.namdeo@wipro.com", "first_name": "Raghvendra", "last_name": "namdeo", "last_login": 1637820425911, "email_validated": true, "disable_idp_login": true, "roles": [{"name": "tenant_super"}], "custom_roles": [], "linked_accounts": [{"id": "16378204261960098", "_etag": 3040, "_schema": 1, "_created_on_utc": 16378204261960098, "_updated_on_utc": 16705731362430052, "tenant_id": "1", "provider_key": "password", "provider_value_updated_on": 1637821139943, "failed_login_attempts": 0, "disabled": false, "inactive": false, "region": "hood", "_created_by_operator_id": "16129659131450141", "_updated_by_operator_id": "16378204259110090"}], "phone_numbers": [{"country_code": 91, "number": 8319914319, "local_extension": 0}], "settings": "{\"v1Prefs\":{\"eulaAgreeTimestamp\":1669792066772,\"map\":{\"state\":{\"stoplightColor\":\"alarm status\",\"mapPopoverShows\":1,\"center\":{\"lat\":41.62513,\"lng\":-88.21733},\"zoom\":17},\"deviceListFilters\":{\"filter\":\"371\",\"connected\":[],\"type\":[],\"tags\":[],\"cellularSupportedOnly\":false},\"machineListFilters\":{\"filter\":null,\"connected\":[\"true\"],\"cellularSupportedOnly\":false},\"siteListFilters\":{\"filter\":\"10\",\"status\":[],\"connectivity\":[],\"domain\":[],\"type\":[],\"mode\":[],\"tags\":[]}}}}", "is_locked": false, "from_esp": false, "inactive": false, "disabled": false, "region": "hood", "_created_by_operator_id": "16129659131450141", "_updated_by_operator_id": "16378204259110090", "name": "Raghvendra namdeo"}, {"id": "16378288711420233", "_etag": 1681, "_schema": 1, "_created_on_utc": 16378288713010235, "_updated_on_utc": 16716928849470180, "tenant_id": "1416", "email": "pawan.kumar4@diageo.com", "first_name": "Pawan", "last_name": "Kumar", "last_login": 1637828871142, "email_validated": true, "disable_idp_login": false, "roles": [{"name": "tenant_super"}], "custom_roles": [], "linked_accounts": [{"id": "16378288712890234", "_etag": 2134, "_schema": 1, "_created_on_utc": 16378288712890234, "_updated_on_utc": 16716928849380179, "tenant_id": "1", "provider_key": "password", "provider_value_updated_on": 1637828951905, "failed_login_attempts": 0, "disabled": false, "inactive": false, "region": "hood", "_created_by_operator_id": "16206397736790054", "_updated_by_operator_id": "16378288711420233"}], "settings": "{\"v1Prefs\":{\"eulaAgreeTimestamp\":1669366139493,\"map\":{\"state\":{\"stoplightColor\":\"alarm status\",\"mapPopoverShows\":1,\"center\":{\"lat\":41.85012764855735,\"lng\":-87.93937683105469},\"zoom\":11},\"machineListFilters\":{\"filter\":\"10-003891-6025\",\"connected\":[],\"cellularSupportedOnly\":false},\"deviceListFilters\":{\"filter\":\"1038\",\"connected\":[],\"type\":[],\"tags\":[],\"cellularSupportedOnly\":false},\"siteListFilters\":{\"filter\":null,\"status\":[],\"connectivity\":[],\"domain\":[],\"type\":[],\"mode\":[\"active\"],\"tags\":[]}}}}", "is_locked": false, "from_esp": false, "inactive": false, "disabled": false, "region": "hood", "_created_by_operator_id": "16206397736790054", "_updated_by_operator_id": "16378288711420233", "name": "Pawan Kumar"}, {"id": "16390612641130148", "_etag": 201, "_schema": 1, "_created_on_utc": 16390612642200150, "_updated_on_utc": 16631547050620022, "tenant_id": "1416", "email": "amol.chavan1@diageo.com", "first_name": "AMOL", "last_name": "CHAVAN", "last_login": 1639061264113, "email_validated": true, "disable_idp_login": false, "roles": [{"name": "tenant_network_admin"}], "custom_roles": [], "linked_accounts": [{"id": "16390612642100149", "_etag": 262, "_schema": 1, "_created_on_utc": 16390612642100149, "_updated_on_utc": 16631547050520021, "tenant_id": "1", "provider_key": "password", "provider_value_updated_on": 1639064322043, "failed_login_attempts": 0, "disabled": false, "inactive": false, "region": "hood", "_created_by_operator_id": "16206397736790054", "_updated_by_operator_id": "16390612641130148"}], "settings": "{\"v1Prefs\":{\"eulaAgreeTimestamp\":1639064434846,\"map\":{\"state\":{\"stoplightColor\":\"alarm status\",\"mapPopoverShows\":1,\"center\":{\"lat\":57.54715522615788,\"lng\":-3.118743896484375},\"zoom\":10},\"machineListFilters\":{\"filter\":null,\"connected\":[],\"cellularSupportedOnly\":false},\"deviceListFilters\":{\"filter\":null,\"connected\":[],\"type\":[],\"tags\":[],\"cellularSupportedOnly\":false},\"siteListFilters\":{\"filter\":\"121\",\"status\":[],\"connectivity\":[],\"domain\":[],\"type\":[],\"mode\":[],\"tags\":[]}}}}", "is_locked": false, "from_esp": false, "inactive": false, "disabled": false, "region": "hood", "_created_by_operator_id": "16206397736790054", "_updated_by_operator_id": "16390612641130148", "name": "AMOL CHAVAN"}, {"id": "16412877295560192", "_etag": 80, "_schema": 1, "_created_on_utc": 16412877296580194, "_updated_on_utc": 16687618796960130, "tenant_id": "1416", "email": "sudhir.kumar@diageo.com", "first_name": "Sudhir", "last_name": "Kumar", "last_login": 1641287729556, "email_validated": true, "disable_idp_login": false, "roles": [{"name": "tenant_network_admin"}], "custom_roles": [], "linked_accounts": [{"id": "16412877296520193", "_etag": 91, "_schema": 1, "_created_on_utc": 16412877296520193, "_updated_on_utc": 16687618796850129, "tenant_id": "1", "provider_key": "password", "provider_value_updated_on": 1641289058783, "failed_login_attempts": 0, "disabled": false, "inactive": false, "region": "hood", "_created_by_operator_id": "16206397736790054", "_updated_by_operator_id": "16412877295560192"}], "settings": "{\"v1Prefs\":{\"map\":{\"state\":{\"stoplightColor\":\"alarm status\",\"mapPopoverShows\":1,\"center\":{\"lat\":43.32517767999296,\"lng\":0},\"zoom\":2},\"deviceListFilters\":{\"filter\":\"can-val-0351-inet-sdw02\",\"connected\":[],\"type\":[],\"tags\":[],\"cellularSupportedOnly\":false},\"siteListFilters\":{\"filter\":null,\"status\":[],\"connectivity\":[],\"domain\":[],\"type\":[],\"mode\":[],\"tags\":[]}},\"eulaAgreeTimestamp\":1646295479198}}", "is_locked": false, "from_esp": false, "inactive": false, "disabled": false, "region": "hood", "_created_by_operator_id": "16206397736790054", "_updated_by_operator_id": "16412877295560192", "name": "Sudhir Kumar"}, {"id": "16444893724940053", "_etag": 650, "_schema": 1, "_created_on_utc": 16444893725870055, "_updated_on_utc": 16615348200300040, "tenant_id": "1416", "email": "ashish.sinha1@diageo.com", "first_name": "ASHISH", "last_name": "SINHA", "last_login": 1644489372494, "email_validated": true, "disable_idp_login": false, "roles": [{"name": "tenant_super"}], "custom_roles": [], "linked_accounts": [{"id": "16444893725810054", "_etag": 760, "_schema": 1, "_created_on_utc": 16444893725810054, "_updated_on_utc": 16615348200230039, "tenant_id": "1", "provider_key": "password", "provider_value_updated_on": 1644489868545, "failed_login_attempts": 0, "disabled": false, "inactive": false, "region": "hood", "_created_by_operator_id": "16378204259110090", "_updated_by_operator_id": "16444893724940053"}], "settings": "{\"v1Prefs\":{\"eulaAgreeTimestamp\":1644489947204,\"map\":{\"state\":{\"stoplightColor\":\"alarm status\",\"mapPopoverShows\":1,\"center\":{\"lat\":45.22089204971675,\"lng\":-74.10582585704799},\"zoom\":13},\"siteListFilters\":{\"filter\":\"229\",\"status\":[],\"connectivity\":[],\"domain\":[],\"type\":[],\"mode\":[],\"tags\":[]},\"deviceListFilters\":{\"filter\":\"20-023537-4111\",\"connected\":[\"false\",\"true\"],\"type\":[],\"tags\":[],\"cellularSupportedOnly\":false},\"machineListFilters\":{\"filter\":null,\"connected\":[\"true\",\"false\"],\"cellularSupportedOnly\":false}}}}", "is_locked": false, "from_esp": false, "inactive": false, "disabled": false, "region": "hood", "_created_by_operator_id": "16378204259110090", "_updated_by_operator_id": "16444893724940053", "name": "ASHISH SINHA"}, {"id": "16466730080480177", "_etag": 326, "_schema": 1, "_created_on_utc": 16466730081530179, "_updated_on_utc": 16716374205810186, "tenant_id": "1416", "email": "mylappan.p@diageo.com", "first_name": "Mylappan", "last_name": "P", "last_login": 1646673008048, "email_validated": true, "disable_idp_login": false, "roles": [{"name": "tenant_super"}], "custom_roles": [], "linked_accounts": [{"id": "16466730081410178", "_etag": 414, "_schema": 1, "_created_on_utc": 16466730081410178, "_updated_on_utc": 16716374205680185, "tenant_id": "1", "provider_key": "password", "provider_value_updated_on": 1646717312531, "failed_login_attempts": 0, "disabled": false, "inactive": false, "region": "hood", "_created_by_operator_id": "16378288711420233", "_updated_by_operator_id": "16466730080480177"}], "settings": "{\"v1Prefs\":{\"eulaAgreeTimestamp\":1646717434859,\"map\":{\"state\":{\"stoplightColor\":\"alarm status\",\"mapPopoverShows\":1,\"center\":{\"lat\":41.885918,\"lng\":-87.635826},\"zoom\":17,\"filters\":{\"status\":[],\"connectivity\":[],\"type\":[],\"mode\":[],\"domain\":[],\"tags\":[]}},\"siteListFilters\":{\"filter\":\"361\",\"status\":[],\"connectivity\":[],\"domain\":[],\"type\":[],\"mode\":[],\"tags\":[]},\"deviceListFilters\":{\"filter\":\"361\",\"connected\":[],\"type\":[],\"tags\":[],\"cellularSupportedOnly\":false},\"machineListFilters\":{\"filter\":null,\"connected\":[],\"cellularSupportedOnly\":false}}}}", "is_locked": false, "from_esp": false, "inactive": false, "disabled": false, "region": "hood", "_created_by_operator_id": "16378288711420233", "_updated_by_operator_id": "16466730080480177", "name": "Mylappan P"}, {"id": "16469199113230124", "_etag": 1, "_schema": 1, "_created_on_utc": 16469199113290126, "_updated_on_utc": 16469199113290126, "tenant_id": "1416", "email": "ladminvashok@diageo.com", "first_name": "Ashok", "last_name": "V", "email_validated": true, "disable_idp_login": false, "roles": [{"name": "tenant_super"}], "custom_roles": [], "linked_accounts": [{"id": "16469199113230125", "_etag": 1, "_schema": 1, "_created_on_utc": 16469199113230125, "_updated_on_utc": 16469199113230125, "tenant_id": "1", "provider_key": "password", "provider_value_updated_on": 1646919911236, "failed_login_attempts": 0, "disabled": false, "inactive": false, "region": "hood", "_created_by_operator_id": "guest", "_updated_by_operator_id": "guest"}], "is_locked": false, "from_esp": false, "inactive": false, "disabled": false, "region": "hood", "_created_by_operator_id": "guest", "_updated_by_operator_id": "guest", "name": "Ashok V"}, {"id": "16469944553220223", "_etag": 75, "_schema": 1, "_created_on_utc": 16469944554430225, "_updated_on_utc": 16716561733970152, "tenant_id": "1416", "email": "sonam.kandpal@diageo.com", "first_name": "Sonam", "last_name": "Kandpal", "last_login": 1646994455322, "email_validated": true, "disable_idp_login": false, "roles": [{"name": "tenant_super"}], "custom_roles": [], "linked_accounts": [{"id": "16469944554290224", "_etag": 100, "_schema": 1, "_created_on_utc": 16469944554290224, "_updated_on_utc": 16716561736510062, "tenant_id": "1", "provider_key": "password", "provider_value_updated_on": 1648647314718, "failed_login_attempts": 0, "disabled": false, "inactive": false, "region": "hood", "_created_by_operator_id": "16378204259110090", "_updated_by_operator_id": "16469944553220223"}], "settings": "{\"v1Prefs\":{\"eulaAgreeTimestamp\":1648647406874,\"map\":{\"state\":{\"stoplightColor\":\"alarm status\",\"mapPopoverShows\":1,\"center\":{\"lat\":55.95102,\"lng\":-3.20835},\"zoom\":16},\"machineListFilters\":{\"filter\":\"10-006880-6659\",\"connected\":[\"true\",\"false\"],\"cellularSupportedOnly\":false},\"deviceListFilters\":{\"filter\":\"1171\",\"connected\":[],\"type\":[],\"tags\":[],\"cellularSupportedOnly\":false},\"siteListFilters\":{\"filter\":\"11\",\"status\":[],\"connectivity\":[],\"domain\":[],\"type\":[],\"mode\":[],\"tags\":[]}}}}", "is_locked": false, "from_esp": false, "inactive": false, "disabled": false, "region": "hood", "_created_by_operator_id": "16378204259110090", "_updated_by_operator_id": "16469944553220223", "name": "Sonam Kandpal"}, {"id": "16480174829920241", "_etag": 1329, "_schema": 1, "_created_on_utc": 16480174830880243, "_updated_on_utc": 16716030154290160, "tenant_id": "1416", "email": "saurabh.das1@diageo.com", "first_name": "Saurabh", "last_name": "Das", "last_login": 1648017482992, "email_validated": true, "disable_idp_login": false, "roles": [{"name": "tenant_super"}], "custom_roles": [], "linked_accounts": [{"id": "16480174830800242", "_etag": 1539, "_schema": 1, "_created_on_utc": 16480174830800242, "_updated_on_utc": 16716030154070159, "tenant_id": "1", "provider_key": "password", "provider_value_updated_on": 1648018732393, "failed_login_attempts": 0, "disabled": false, "inactive": false, "region": "hood", "_created_by_operator_id": "16206397736790054", "_updated_by_operator_id": "16480174829920241"}], "settings": "{\"v1Prefs\":{\"eulaAgreeTimestamp\":1648018801074,\"map\":{\"state\":{\"stoplightColor\":\"alarm status\",\"mapPopoverShows\":1,\"center\":{\"lat\":57.648799546137354,\"lng\":-3.314781188964844},\"zoom\":13},\"deviceListFilters\":{\"filter\":\"103\",\"connected\":[],\"type\":[\"SPOKE\"],\"tags\":[],\"cellularSupportedOnly\":false},\"siteListFilters\":{\"filter\":\"206\",\"status\":[],\"connectivity\":[],\"domain\":[],\"type\":[],\"mode\":[],\"tags\":[]},\"machineListFilters\":{\"filter\":null,\"connected\":[\"true\",\"false\"],\"cellularSupportedOnly\":false}}}}", "is_locked": false, "from_esp": false, "inactive": false, "disabled": false, "region": "hood", "_created_by_operator_id": "16206397736790054", "_updated_by_operator_id": "16480174829920241", "name": "Saurabh Das"}, {"id": "16490522743990247", "_etag": 95, "_schema": 1, "_created_on_utc": 16490522745160249, "_updated_on_utc": 16716072063490084, "tenant_id": "1416", "email": "chandrashekar.thakre1@diageo.com", "first_name": "Chandrashekar", "last_name": "Thakre", "last_login": 1649052274399, "email_validated": true, "disable_idp_login": false, "roles": [{"name": "tenant_super"}], "custom_roles": [], "linked_accounts": [{"id": "16490522745050248", "_etag": 105, "_schema": 1, "_created_on_utc": 16490522745050248, "_updated_on_utc": 16716072063340083, "tenant_id": "1", "provider_key": "password", "provider_value_updated_on": 1649052450975, "failed_login_attempts": 0, "disabled": false, "inactive": false, "region": "hood", "_created_by_operator_id": "16378204259110090", "_updated_by_operator_id": "16490522743990247"}], "settings": "{\"v1Prefs\":{\"eulaAgreeTimestamp\":1649052541582,\"map\":{\"state\":{\"stoplightColor\":\"alarm status\",\"mapPopoverShows\":1,\"center\":{\"lat\":45.23766809486213,\"lng\":-74.06021118164064},\"zoom\":11},\"siteListFilters\":{\"filter\":\"440\",\"status\":[],\"connectivity\":[],\"domain\":[],\"type\":[],\"mode\":[],\"tags\":[]},\"deviceListFilters\":{\"filter\":\"20-027194-3757\",\"connected\":[],\"type\":[],\"tags\":[],\"cellularSupportedOnly\":false},\"machineListFilters\":{\"filter\":\"20-027194-3757\",\"connected\":[],\"cellularSupportedOnly\":false}}}}", "is_locked": false, "from_esp": false, "inactive": false, "disabled": false, "region": "hood", "_created_by_operator_id": "16378204259110090", "_updated_by_operator_id": "16490522743990247", "name": "Chandrashekar Thakre"}, {"id": "16490641444220100", "_etag": 298, "_schema": 1, "_created_on_utc": 16490641445180102, "_updated_on_utc": 16715292989140202, "tenant_id": "1416", "email": "dhinesh.kumar@diageo.com", "first_name": "Dinesh", "last_name": "Kumar", "last_login": 1649064144422, "email_validated": true, "disable_idp_login": true, "roles": [{"name": "tenant_network_admin"}], "custom_roles": [], "linked_accounts": [{"id": "16490641445090101", "_etag": 323, "_schema": 1, "_created_on_utc": 16490641445090101, "_updated_on_utc": 16715292989030201, "tenant_id": "1", "provider_key": "password", "provider_value_updated_on": 1649064862329, "failed_login_attempts": 0, "disabled": false, "inactive": false, "region": "hood", "_created_by_operator_id": "16206397736790054", "_updated_by_operator_id": "16490641444220100"}], "settings": "{\"v1Prefs\":{\"eulaAgreeTimestamp\":1649064960487,\"map\":{\"state\":{\"stoplightColor\":\"alarm status\",\"mapPopoverShows\":1,\"center\":{\"lat\":4.043042517490797,\"lng\":9.707922935485842},\"zoom\":17},\"siteListFilters\":{\"filter\":\"24\",\"status\":[],\"connectivity\":[],\"domain\":[],\"type\":[],\"mode\":[],\"tags\":[]},\"deviceListFilters\":{\"filter\":\"71\",\"connected\":[],\"type\":[\"HUB\",\"SPOKE\"],\"tags\":[],\"cellularSupportedOnly\":false},\"machineListFilters\":{\"filter\":null,\"connected\":[],\"cellularSupportedOnly\":false}}}}", "is_locked": false, "from_esp": false, "inactive": false, "disabled": false, "region": "hood", "_created_by_operator_id": "16206397736790054", "_updated_by_operator_id": "16490641444220100", "name": "Dinesh Kumar"}, {"id": "16509905675030018", "_etag": 581, "_schema": 1, "_created_on_utc": 16509905676140020, "_updated_on_utc": 16716980267320171, "tenant_id": "1416", "email": "prashanth.suresh1@diageo.com", "first_name": "Prashanth", "last_name": "Suresh", "last_login": 1650990567503, "email_validated": true, "disable_idp_login": false, "roles": [{"name": "tenant_network_admin"}], "custom_roles": [], "linked_accounts": [{"id": "16509905676070019", "_etag": 645, "_schema": 1, "_created_on_utc": 16509905676070019, "_updated_on_utc": 16716980267170170, "tenant_id": "1", "provider_key": "password", "provider_value_updated_on": 1650990914963, "failed_login_attempts": 0, "disabled": false, "inactive": false, "region": "hood", "_created_by_operator_id": "16378288711420233", "_updated_by_operator_id": "16509905675030018"}], "settings": "{\"v1Prefs\":{\"eulaAgreeTimestamp\":1650991035524,\"map\":{\"state\":{\"stoplightColor\":\"alarm status\",\"mapPopoverShows\":1,\"center\":{\"lat\":-0.24779242518322317,\"lng\":35.73740422725678},\"zoom\":17},\"siteListFilters\":{\"filter\":\"754\",\"status\":[],\"connectivity\":[],\"domain\":[],\"type\":[],\"mode\":[],\"tags\":[]},\"deviceListFilters\":{\"filter\":null,\"connected\":[],\"type\":[],\"tags\":[],\"cellularSupportedOnly\":false},\"machineListFilters\":{\"filter\":\"ion 9000\",\"connected\":[],\"cellularSupportedOnly\":false}}}}", "is_locked": false, "from_esp": false, "inactive": false, "disabled": false, "region": "hood", "_created_by_operator_id": "16378288711420233", "_updated_by_operator_id": "16509905675030018", "name": "Prashanth Suresh"}, {"id": "16515922357650098", "_etag": 432, "_schema": 1, "_created_on_utc": 16515922358640100, "_updated_on_utc": 16641955424560025, "tenant_id": "1416", "email": "mudit.sharma@diageo.com", "first_name": "Mudit", "last_name": "Sharma", "last_login": 1651592235765, "email_validated": true, "disable_idp_login": true, "roles": [{"name": "tenant_super"}], "custom_roles": [], "linked_accounts": [{"id": "16515922358500099", "_etag": 518, "_schema": 1, "_created_on_utc": 16515922358500099, "_updated_on_utc": 16641955424500024, "tenant_id": "1", "provider_key": "password", "provider_value_updated_on": 1651830090936, "failed_login_attempts": 0, "disabled": false, "inactive": false, "region": "hood", "_created_by_operator_id": "16206397736790054", "_updated_by_operator_id": "16515922357650098"}], "settings": "{\"v1Prefs\":{\"eulaAgreeTimestamp\":1651830168984,\"map\":{\"state\":{\"stoplightColor\":\"alarm status\",\"mapPopoverShows\":1,\"center\":{\"lat\":1.285726,\"lng\":103.84768},\"zoom\":17},\"siteListFilters\":{\"filter\":\"440\",\"status\":[],\"connectivity\":[],\"domain\":[],\"type\":[],\"mode\":[],\"tags\":[]},\"deviceListFilters\":{\"filter\":\"20-023714-3250\",\"connected\":[\"true\",\"false\"],\"type\":[],\"tags\":[],\"cellularSupportedOnly\":false},\"machineListFilters\":{\"filter\":\"20-023714-3250\",\"connected\":[\"true\",\"false\"],\"cellularSupportedOnly\":false}}}}", "is_locked": false, "from_esp": false, "inactive": false, "disabled": false, "region": "hood", "_created_by_operator_id": "16206397736790054", "_updated_by_operator_id": "16515922357650098", "name": "Mudit Sharma"}, {"id": "1655103524678003096", "_etag": 381, "_schema": 1, "_created_on_utc": 16551035246880032, "_updated_on_utc": 16712077061450176, "tenant_id": "1416", "email": "sheela.r@diageo.com", "first_name": "Sheela", "last_name": "R", "email_validated": true, "disable_idp_login": false, "roles": [{"name": "tenant_viewonly"}], "custom_roles": [], "linked_accounts": [{"id": "1655103524678003196", "_etag": 399, "_schema": 1, "_created_on_utc": 16551035246780031, "_updated_on_utc": 16712077061310175, "tenant_id": "1", "provider_key": "password", "provider_value_updated_on": 1655103524587, "failed_login_attempts": 0, "disabled": false, "inactive": false, "region": "hood", "_created_by_operator_id": "guest", "_updated_by_operator_id": "1655103524678003096"}], "settings": "{\"v1Prefs\":{\"map\":{\"state\":{\"stoplightColor\":\"alarm status\",\"mapPopoverShows\":1,\"center\":{\"lat\":44.698643,\"lng\":7.937334},\"zoom\":17},\"siteListFilters\":{\"filter\":\"145\",\"status\":[],\"connectivity\":[],\"domain\":[],\"type\":[],\"mode\":[],\"tags\":[]},\"deviceListFilters\":{\"filter\":\"220\",\"connected\":[],\"type\":[],\"tags\":[],\"cellularSupportedOnly\":false}}}}", "is_locked": false, "from_esp": false, "inactive": false, "disabled": false, "region": "hood", "_created_by_operator_id": "guest", "_updated_by_operator_id": "1655103524678003096", "name": "Sheela R"}, {"id": "1655105134227016496", "_etag": 193, "_schema": 1, "_created_on_utc": 16551051342340166, "_updated_on_utc": 16715779794330012, "tenant_id": "1416", "email": "ankita.shahi@diageo.com", "first_name": "Ankita", "last_name": "Shahi", "email_validated": true, "disable_idp_login": false, "roles": [{"name": "tenant_viewonly"}], "custom_roles": [], "linked_accounts": [{"id": "1655105134227016596", "_etag": 211, "_schema": 1, "_created_on_utc": 16551051342270165, "_updated_on_utc": 16715779794220011, "tenant_id": "1", "provider_key": "password", "provider_value_updated_on": 1655105134147, "failed_login_attempts": 0, "disabled": false, "inactive": false, "region": "hood", "_created_by_operator_id": "guest", "_updated_by_operator_id": "1655105134227016496"}], "settings": "{\"v1Prefs\":{\"map\":{\"state\":{\"stoplightColor\":\"alarm status\",\"mapPopoverShows\":1,\"center\":{\"lat\":-24.856534339310674,\"lng\":152.35839843750003},\"zoom\":6},\"siteListFilters\":{\"filter\":\"103\",\"status\":[],\"connectivity\":[],\"domain\":[],\"type\":[],\"mode\":[],\"tags\":[]},\"deviceListFilters\":{\"filter\":\"1211\",\"connected\":[],\"type\":[],\"tags\":[],\"cellularSupportedOnly\":false}}}}", "is_locked": false, "from_esp": false, "inactive": false, "disabled": false, "region": "hood", "_created_by_operator_id": "guest", "_updated_by_operator_id": "1655105134227016496", "name": "Ankita Shahi"}, {"id": "1655468021321003296", "_etag": 181, "_schema": 1, "_created_on_utc": 16554680213300034, "_updated_on_utc": 16697910112180006, "tenant_id": "1416", "email": "suresh.1.m@diageo.com", "first_name": "Suresh", "last_name": "M", "email_validated": true, "disable_idp_login": false, "roles": [{"name": "tenant_super"}], "custom_roles": [], "linked_accounts": [{"id": "1655468021321003396", "_etag": 201, "_schema": 1, "_created_on_utc": 16554680213210033, "_updated_on_utc": 16697910112060005, "tenant_id": "1", "provider_key": "password", "provider_value_updated_on": 1655468021240, "failed_login_attempts": 0, "disabled": false, "inactive": false, "region": "hood", "_created_by_operator_id": "guest", "_updated_by_operator_id": "1655468021321003296"}], "settings": "{\"v1Prefs\":{\"eulaAgreeTimestamp\":1655468065533,\"map\":{\"deviceListFilters\":{\"filter\":\"1082\",\"connected\":[],\"type\":[\"HUB\",\"SPOKE\"],\"tags\":[],\"cellularSupportedOnly\":false},\"state\":{\"stoplightColor\":\"alarm status\",\"mapPopoverShows\":1,\"center\":{\"lat\":13.04435687762819,\"lng\":77.61669158935547},\"zoom\":17},\"siteListFilters\":{\"filter\":null,\"status\":[],\"connectivity\":[],\"domain\":[],\"type\":[],\"mode\":[],\"tags\":[]},\"machineListFilters\":{\"filter\":\"20-022012-5042\",\"connected\":[],\"cellularSupportedOnly\":false}}}}", "is_locked": false, "from_esp": false, "inactive": false, "disabled": false, "region": "hood", "_created_by_operator_id": "guest", "_updated_by_operator_id": "1655468021321003296", "name": "Suresh M"}, {"id": "1655716134157016896", "_etag": 3, "_schema": 1, "_created_on_utc": 16557161341690170, "_updated_on_utc": 16564125670960193, "tenant_id": "1416", "email": "joe.thomas@diageo.com", "first_name": "Joe", "last_name": "Thomas", "email_validated": true, "disable_idp_login": false, "roles": [{"name": "tenant_viewonly"}], "custom_roles": [], "linked_accounts": [{"id": "1655716134157016996", "_etag": 3, "_schema": 1, "_created_on_utc": 16557161341570169, "_updated_on_utc": 16564125670840192, "tenant_id": "1", "provider_key": "password", "provider_value_updated_on": 1655716134068, "failed_login_attempts": 0, "disabled": false, "inactive": false, "region": "hood", "_created_by_operator_id": "guest", "_updated_by_operator_id": "1655716134157016896"}], "settings": "{\"v1Prefs\":{\"map\":{\"state\":{\"stoplightColor\":\"alarm status\",\"mapPopoverShows\":1,\"center\":{\"lat\":-3.0284452749999926,\"lng\":39.45306575000001},\"zoom\":3}}}}", "is_locked": false, "from_esp": false, "inactive": false, "disabled": false, "region": "hood", "_created_by_operator_id": "guest", "_updated_by_operator_id": "1655716134157016896", "name": "Joe Thomas"}, {"id": "1655815189041014796", "_etag": 5, "_schema": 1, "_created_on_utc": 16558151890450149, "_updated_on_utc": 16563247516100121, "tenant_id": "1416", "email": "nitesh.yadav@diageo.com", "first_name": "Nitesh", "last_name": "Yadav", "email_validated": true, "disable_idp_login": false, "roles": [{"name": "tenant_network_admin"}], "custom_roles": [], "linked_accounts": [{"id": "1655815189041014896", "_etag": 5, "_schema": 1, "_created_on_utc": 16558151890410148, "_updated_on_utc": 16563247515910120, "tenant_id": "1", "provider_key": "password", "provider_value_updated_on": 1655815188956, "failed_login_attempts": 0, "disabled": false, "inactive": false, "region": "hood", "_created_by_operator_id": "guest", "_updated_by_operator_id": "1655815189041014796"}], "settings": "{\"v1Prefs\":{\"eulaAgreeTimestamp\":1655815256225,\"map\":{\"state\":{\"stoplightColor\":\"alarm status\",\"mapPopoverShows\":1,\"center\":{\"lat\":-5.266007882805498,\"lng\":59.94140625000001},\"zoom\":3}}}}", "is_locked": false, "from_esp": false, "inactive": false, "disabled": false, "region": "hood", "_created_by_operator_id": "guest", "_updated_by_operator_id": "1655815189041014796", "name": "Nitesh Yadav"}, {"id": "1655962492115020596", "_etag": 85, "_schema": 1, "_created_on_utc": 16559624924080221, "_updated_on_utc": 16712009812310123, "tenant_id": "1416", "email": "anand.giri@diageo.com", "first_name": "Anand", "last_name": "Giri", "last_login": 1655962492115, "email_validated": true, "disable_idp_login": false, "roles": [{"name": "tenant_network_admin"}], "custom_roles": [], "linked_accounts": [{"id": "1655962492359021396", "_etag": 102, "_schema": 1, "_created_on_utc": 16559624923590213, "_updated_on_utc": 16712009812220122, "tenant_id": "1", "provider_key": "password", "provider_value_updated_on": 1666857182353, "failed_login_attempts": 2, "disabled": false, "inactive": false, "region": "hood", "_created_by_operator_id": "16129659131450141", "_updated_by_operator_id": "1655962492115020596"}], "settings": "{\"v1Prefs\":{\"eulaAgreeTimestamp\":1655963236440,\"map\":{\"state\":{\"stoplightColor\":\"alarm status\",\"mapPopoverShows\":1,\"center\":{\"lat\":17.21197254631367,\"lng\":0.001323749999975199},\"zoom\":2},\"siteListFilters\":{\"filter\":\"225\",\"status\":[],\"connectivity\":[],\"domain\":[],\"type\":[],\"mode\":[],\"tags\":[]},\"deviceListFilters\":{\"filter\":\"184\",\"connected\":[],\"type\":[],\"tags\":[],\"cellularSupportedOnly\":false}}}}", "is_locked": false, "from_esp": false, "inactive": false, "disabled": false, "region": "hood", "_created_by_operator_id": "16129659131450141", "_updated_by_operator_id": "1655962492115020596", "name": "Anand Giri"}, {"id": "1657181400477020496", "_etag": 86, "_schema": 1, "_created_on_utc": 16571814004820206, "_updated_on_utc": 16716849106420067, "tenant_id": "1416", "email": "divyashree.s@diageo.com", "first_name": "Divyashree", "last_name": "S", "email_validated": true, "disable_idp_login": false, "roles": [{"name": "tenant_viewonly"}], "custom_roles": [], "linked_accounts": [{"id": "1657181400477020596", "_etag": 86, "_schema": 1, "_created_on_utc": 16571814004770205, "_updated_on_utc": 16716849106290066, "tenant_id": "1", "provider_key": "password", "provider_value_updated_on": 1657181400375, "failed_login_attempts": 0, "disabled": false, "inactive": false, "region": "hood", "_created_by_operator_id": "guest", "_updated_by_operator_id": "1657181400477020496"}], "settings": "{\"v1Prefs\":{\"map\":{\"state\":{\"stoplightColor\":\"alarm status\",\"mapPopoverShows\":1,\"center\":{\"lat\":24.84656534821976,\"lng\":0},\"zoom\":2,\"filters\":{\"status\":[],\"connectivity\":[],\"type\":[],\"mode\":[],\"domain\":[],\"tags\":[]}},\"deviceListFilters\":{\"filter\":\"nga-ben-0163-inet-sdw01\",\"connected\":[],\"type\":[],\"tags\":[],\"cellularSupportedOnly\":false},\"siteListFilters\":{\"filter\":\"ken-mol-0156-inet-sdw01\",\"status\":[],\"connectivity\":[],\"domain\":[],\"type\":[],\"mode\":[],\"tags\":[]}}}}", "is_locked": false, "from_esp": false, "inactive": false, "disabled": false, "region": "hood", "_created_by_operator_id": "guest", "_updated_by_operator_id": "1657181400477020496", "name": "Divyashree S"}, {"id": "1658760633298001296", "_etag": 119, "_schema": 1, "_created_on_utc": 16587606333030014, "_updated_on_utc": 16687592923520059, "tenant_id": "1416", "email": "dipali.hiwale@diageo.com", "first_name": "Dipali", "last_name": "Hiwale", "email_validated": true, "disable_idp_login": false, "roles": [{"name": "tenant_viewonly"}], "custom_roles": [], "linked_accounts": [{"id": "1658760633298001396", "_etag": 156, "_schema": 1, "_created_on_utc": 16587606332980013, "_updated_on_utc": 16687592923400058, "tenant_id": "1", "provider_key": "password", "provider_value_updated_on": 1658760633213, "failed_login_attempts": 0, "disabled": false, "inactive": false, "region": "hood", "_created_by_operator_id": "guest", "_updated_by_operator_id": "1658760633298001296"}], "settings": "{\"v1Prefs\":{\"map\":{\"state\":{\"stoplightColor\":\"alarm status\",\"mapPopoverShows\":1,\"center\":{\"lat\":17.55450799061723,\"lng\":0.041153750000000336},\"zoom\":2},\"siteListFilters\":{\"filter\":\"145\",\"status\":[],\"connectivity\":[],\"domain\":[],\"type\":[],\"mode\":[],\"tags\":[]}}}}", "is_locked": false, "from_esp": false, "inactive": false, "disabled": false, "region": "hood", "_created_by_operator_id": "guest", "_updated_by_operator_id": "1658760633298001296", "name": "Dipali Hiwale"}, {"id": "1659433490539016496", "_etag": 4, "_schema": 1, "_created_on_utc": 16594334905460166, "_updated_on_utc": 16594343433960217, "tenant_id": "1416", "email": "ladminmsuresh@diageo.com", "first_name": "Suresh", "last_name": "M", "email_validated": true, "disable_idp_login": false, "roles": [{"name": "tenant_super"}], "custom_roles": [], "linked_accounts": [{"id": "1659433490539016596", "_etag": 4, "_schema": 1, "_created_on_utc": 16594334905390165, "_updated_on_utc": 16594343433840216, "tenant_id": "1", "provider_key": "password", "provider_value_updated_on": 1659433490421, "failed_login_attempts": 0, "disabled": false, "inactive": false, "region": "hood", "_created_by_operator_id": "guest", "_updated_by_operator_id": "1659433490539016496"}], "settings": "{\"v1Prefs\":{\"eulaAgreeTimestamp\":1659434206651,\"map\":{\"state\":{\"stoplightColor\":\"alarm status\",\"mapPopoverShows\":1,\"center\":{\"lat\":17.21197254631367,\"lng\":11.251323749999976},\"zoom\":3}}}}", "is_locked": false, "from_esp": false, "inactive": false, "disabled": false, "region": "hood", "_created_by_operator_id": "guest", "_updated_by_operator_id": "1659433490539016496", "name": "Suresh M"}, {"id": "1660314214279003696", "_etag": 51, "_schema": 1, "_created_on_utc": 16603142142850038, "_updated_on_utc": 16710375167060247, "tenant_id": "1416", "email": "dinesh.d@diageo.com", "first_name": "Dinesh Kumar", "last_name": "D", "email_validated": true, "disable_idp_login": false, "roles": [{"name": "tenant_super"}], "custom_roles": [], "linked_accounts": [{"id": "1660314214279003796", "_etag": 60, "_schema": 1, "_created_on_utc": 16603142142790037, "_updated_on_utc": 16710375170580040, "tenant_id": "1", "provider_key": "password", "provider_value_updated_on": 1660314214199, "failed_login_attempts": 0, "disabled": false, "inactive": false, "region": "hood", "_created_by_operator_id": "guest", "_updated_by_operator_id": "1660314214279003696"}], "settings": "{\"v1Prefs\":{\"eulaAgreeTimestamp\":1660314262198,\"map\":{\"state\":{\"stoplightColor\":\"alarm status\",\"mapPopoverShows\":1,\"center\":{\"lat\":21.245302368985882,\"lng\":106.04647636413576},\"zoom\":15},\"deviceListFilters\":{\"filter\":\"dbb\",\"connected\":[\"true\"],\"type\":[\"SPOKE\",\"HUB\"],\"tags\":[],\"cellularSupportedOnly\":false},\"siteListFilters\":{\"filter\":\"du\",\"status\":[],\"connectivity\":[],\"domain\":[],\"type\":[],\"mode\":[],\"tags\":[]}},\"hubClusterTableHiddenFlag\":\"false\"}}", "is_locked": false, "from_esp": false, "inactive": false, "disabled": false, "region": "hood", "_created_by_operator_id": "guest", "_updated_by_operator_id": "1660314214279003696", "name": "Dinesh Kumar D"}, {"id": "1663157176405000996", "_etag": 15, "_schema": 1, "_created_on_utc": 16631571764100011, "_updated_on_utc": 16707581981520068, "tenant_id": "1416", "email": "kotihal.somashekaraiah@diageo.com", "first_name": "Kotihal", "last_name": "Somashekaraiah", "email_validated": true, "disable_idp_login": false, "roles": [{"name": "tenant_viewonly"}], "custom_roles": [], "linked_accounts": [{"id": "1663157176405001096", "_etag": 17, "_schema": 1, "_created_on_utc": 16631571764050010, "_updated_on_utc": 16707581981400067, "tenant_id": "1", "provider_key": "password", "provider_value_updated_on": 1663157176321, "failed_login_attempts": 0, "disabled": false, "inactive": false, "region": "hood", "_created_by_operator_id": "guest", "_updated_by_operator_id": "1663157176405000996"}], "settings": "{\"v1Prefs\":{\"map\":{\"deviceListFilters\":{\"filter\":\"181\",\"connected\":[],\"type\":[],\"tags\":[],\"cellularSupportedOnly\":false},\"state\":{\"stoplightColor\":\"alarm status\",\"mapPopoverShows\":1,\"center\":{\"lat\":55.89033093313842,\"lng\":-4.398994445800782},\"zoom\":12},\"siteListFilters\":{\"filter\":\"15\",\"status\":[],\"connectivity\":[],\"domain\":[],\"type\":[],\"mode\":[],\"tags\":[]}}}}", "is_locked": false, "from_esp": false, "inactive": false, "disabled": false, "region": "hood", "_created_by_operator_id": "guest", "_updated_by_operator_id": "1663157176405000996", "name": "Kotihal Somashekaraiah"}, {"id": "1663680112536023296", "_etag": 1, "_schema": 1, "_created_on_utc": 16636801125430234, "_updated_on_utc": 16636801125430234, "tenant_id": "1416", "email": "suresh.29@wipro.com.1416", "first_name": "Suresh", "last_name": "Murugalayam", "email_validated": true, "disable_idp_login": false, "roles": [{"name": "tenant_viewonly"}], "custom_roles": [], "linked_accounts": [{"id": "1663680112536023396", "_etag": 1, "_schema": 1, "_created_on_utc": 16636801125360233, "_updated_on_utc": 16636801125360233, "tenant_id": "1", "provider_key": "password", "provider_value_updated_on": 1663680112455, "failed_login_attempts": 0, "disabled": false, "inactive": false, "region": "hood", "_created_by_operator_id": "guest", "_updated_by_operator_id": "guest"}], "is_locked": false, "from_esp": false, "inactive": false, "disabled": false, "region": "hood", "_created_by_operator_id": "guest", "_updated_by_operator_id": "guest", "name": "Suresh Murugalayam"}, {"id": "1663747057453014696", "_etag": 1, "_schema": 1, "_created_on_utc": 16637470574590148, "_updated_on_utc": 16637470574590148, "tenant_id": "1416", "email": "sathesh.kvk@diageo.com", "first_name": "Sathesh", "last_name": "K V K", "email_validated": true, "disable_idp_login": false, "roles": [{"name": "tenant_viewonly"}], "custom_roles": [], "linked_accounts": [{"id": "1663747057453014796", "_etag": 1, "_schema": 1, "_created_on_utc": 16637470574530147, "_updated_on_utc": 16637470574530147, "tenant_id": "1", "provider_key": "password", "provider_value_updated_on": 1663747057361, "failed_login_attempts": 0, "disabled": false, "inactive": false, "region": "hood", "_created_by_operator_id": "guest", "_updated_by_operator_id": "guest"}], "is_locked": false, "from_esp": false, "inactive": false, "disabled": false, "region": "hood", "_created_by_operator_id": "guest", "_updated_by_operator_id": "guest", "name": "Sathesh K V K"}, {"id": "1664451520462015196", "_etag": 430, "_schema": 1, "_created_on_utc": 16644515204670153, "_updated_on_utc": 16717083987370016, "tenant_id": "1416", "email": "puneet.gupta@diageo.com", "first_name": "Puneet", "last_name": "Gupta", "email_validated": true, "disable_idp_login": false, "roles": [{"name": "tenant_super"}], "custom_roles": [], "linked_accounts": [{"id": "1664451520462015296", "_etag": 530, "_schema": 1, "_created_on_utc": 16644515204620152, "_updated_on_utc": 16717083989490099, "tenant_id": "1", "provider_key": "password", "provider_value_updated_on": 1664451520377, "failed_login_attempts": 0, "disabled": false, "inactive": false, "region": "hood", "_created_by_operator_id": "guest", "_updated_by_operator_id": "1664451520462015196"}], "settings": "{\"v1Prefs\":{\"eulaAgreeTimestamp\":1664451621240,\"map\":{\"state\":{\"stoplightColor\":\"alarm status\",\"mapPopoverShows\":1,\"center\":{\"lat\":57.65045293962413,\"lng\":-3.317034244537354},\"zoom\":15},\"deviceListFilters\":{\"filter\":\"207\",\"connected\":[],\"type\":[],\"tags\":[],\"cellularSupportedOnly\":false},\"siteListFilters\":{\"filter\":\"00\",\"status\":[],\"connectivity\":[],\"domain\":[],\"type\":[],\"mode\":[],\"tags\":[]},\"machineListFilters\":{\"filter\":\"024801-001145-2712\",\"connected\":[],\"cellularSupportedOnly\":false}}}}", "is_locked": false, "from_esp": false, "inactive": false, "disabled": false, "region": "hood", "_created_by_operator_id": "guest", "_updated_by_operator_id": "1664451520462015196", "name": "Puneet Gupta"}, {"id": "1665497367930008696", "_etag": 5, "_schema": 1, "_created_on_utc": 16654973679350088, "_updated_on_utc": 16654981886880050, "tenant_id": "1416", "email": "ladminksini@diageo.com", "first_name": "Sini", "last_name": "K", "email_validated": true, "disable_idp_login": false, "roles": [{"name": "tenant_super"}], "custom_roles": [], "linked_accounts": [{"id": "1665497367930008796", "_etag": 5, "_schema": 1, "_created_on_utc": 16654973679300087, "_updated_on_utc": 16654981886810049, "tenant_id": "1", "provider_key": "password", "provider_value_updated_on": 1665497367849, "failed_login_attempts": 0, "disabled": false, "inactive": false, "region": "hood", "_created_by_operator_id": "guest", "_updated_by_operator_id": "1665497367930008696"}], "settings": "{\"v1Prefs\":{\"eulaAgreeTimestamp\":1665497380801,\"map\":{\"state\":{\"stoplightColor\":\"alarm status\",\"mapPopoverShows\":1,\"center\":{\"lat\":14.225782200271125,\"lng\":100.57159423828126},\"zoom\":9},\"deviceListFilters\":{\"filter\":null,\"connected\":[\"false\"],\"type\":[\"SPOKE\"],\"tags\":[],\"cellularSupportedOnly\":false}}}}", "is_locked": false, "from_esp": false, "inactive": false, "disabled": false, "region": "hood", "_created_by_operator_id": "guest", "_updated_by_operator_id": "1665497367930008696", "name": "Sini K"}, {"id": "1665569013262005296", "_etag": 312, "_schema": 1, "_created_on_utc": 16655690132750054, "_updated_on_utc": 16690290077280104, "tenant_id": "1416", "email": "akshita.nair@diageo.com", "first_name": "Akshita", "last_name": "Nair", "email_validated": true, "disable_idp_login": false, "roles": [{"name": "tenant_super"}], "custom_roles": [], "linked_accounts": [{"id": "1665569013262005396", "_etag": 372, "_schema": 1, "_created_on_utc": 16655690132620053, "_updated_on_utc": 16690290077120103, "tenant_id": "1", "provider_key": "password", "provider_value_updated_on": 1665569013173, "failed_login_attempts": 0, "disabled": false, "inactive": false, "region": "hood", "_created_by_operator_id": "guest", "_updated_by_operator_id": "1665569013262005296"}], "settings": "{\"v1Prefs\":{\"eulaAgreeTimestamp\":1665569123049,\"map\":{\"state\":{\"stoplightColor\":\"alarm status\",\"mapPopoverShows\":1,\"center\":{\"lat\":26.745610382199022,\"lng\":0},\"zoom\":2},\"deviceListFilters\":{\"filter\":\"176\",\"connected\":[],\"type\":[],\"tags\":[],\"cellularSupportedOnly\":false},\"siteListFilters\":{\"filter\":null,\"status\":[],\"connectivity\":[],\"domain\":[],\"type\":[],\"mode\":[],\"tags\":[]},\"machineListFilters\":{\"filter\":\"024801-001217-9453\",\"connected\":[],\"cellularSupportedOnly\":false}}}}", "is_locked": false, "from_esp": false, "inactive": false, "disabled": false, "region": "hood", "_created_by_operator_id": "guest", "_updated_by_operator_id": "1665569013262005296", "name": "Akshita Nair"}, {"id": "1666798213163022796", "_etag": 727, "_schema": 1, "_created_on_utc": 16667982132630229, "_updated_on_utc": 16717219207050149, "tenant_id": "1416", "email": "raghvendra.namdeo@diageo.com", "first_name": "RAGHVENDRA", "last_name": "NAMDEO", "last_login": 1666798213163, "email_validated": true, "disable_idp_login": false, "roles": [{"name": "tenant_super"}], "custom_roles": [], "linked_accounts": [{"id": "1666798213249022896", "_etag": 875, "_schema": 1, "_created_on_utc": 16667982132490228, "_updated_on_utc": 16717219206910148, "tenant_id": "1", "provider_key": "password", "provider_value_updated_on": 1666798276454, "failed_login_attempts": 0, "disabled": false, "inactive": false, "region": "hood", "_created_by_operator_id": "16378204259110090", "_updated_by_operator_id": "1666798213163022796"}], "settings": "{\"v1Prefs\":{\"eulaAgreeTimestamp\":1666798397407,\"map\":{\"siteListFilters\":{\"filter\":\"440\",\"status\":[],\"connectivity\":[],\"domain\":[],\"type\":[],\"mode\":[],\"tags\":[]},\"state\":{\"stoplightColor\":\"alarm status\",\"mapPopoverShows\":1,\"center\":{\"lat\":41.75408466809436,\"lng\":-87.939633},\"zoom\":11},\"machineListFilters\":{\"filter\":null,\"connected\":[\"true\"],\"cellularSupportedOnly\":false},\"deviceListFilters\":{\"filter\":null,\"connected\":[],\"type\":[],\"tags\":[],\"cellularSupportedOnly\":false}},\"hubClusterTableHiddenFlag\":\"false\"}}", "is_locked": false, "from_esp": false, "inactive": false, "disabled": false, "region": "hood", "_created_by_operator_id": "16378204259110090", "_updated_by_operator_id": "1666798213163022796", "name": "RAGHVENDRA NAMDEO"}, {"id": "1668141309879023896", "_etag": 235, "_schema": 1, "_created_on_utc": 16681413098850240, "_updated_on_utc": 16714398908970173, "tenant_id": "1416", "email": "sunil.patil@diageo.com", "first_name": "Sunil", "last_name": "Patil", "email_validated": true, "disable_idp_login": false, "roles": [{"name": "tenant_viewonly"}], "custom_roles": [], "linked_accounts": [{"id": "1668141309879023996", "_etag": 274, "_schema": 1, "_created_on_utc": 16681413098790239, "_updated_on_utc": 16714398908860172, "tenant_id": "1", "provider_key": "password", "provider_value_updated_on": 1668141309776, "failed_login_attempts": 0, "disabled": false, "inactive": false, "region": "hood", "_created_by_operator_id": "guest", "_updated_by_operator_id": "1668141309879023896"}], "settings": "{\"v1Prefs\":{\"map\":{\"state\":{\"stoplightColor\":\"alarm status\",\"mapPopoverShows\":1,\"center\":{\"lat\":19.311143355064655,\"lng\":11.25},\"zoom\":3,\"siteWidget\":true,\"alarmCategories\":[\"network\"],\"darkMode\":true},\"siteListFilters\":{\"filter\":\"01\",\"status\":[],\"connectivity\":[],\"domain\":[],\"type\":[],\"mode\":[],\"tags\":[]},\"deviceListFilters\":{\"filter\":null,\"connected\":[\"true\",\"false\"],\"type\":[\"SPOKE\"],\"tags\":[],\"cellularSupportedOnly\":false}}}}", "is_locked": false, "from_esp": false, "inactive": false, "disabled": false, "region": "hood", "_created_by_operator_id": "guest", "_updated_by_operator_id": "1668141309879023896", "name": "Sunil Patil"}, {"id": "1668586110830017696", "_etag": 7, "_schema": 1, "_created_on_utc": 16685861110240192, "_updated_on_utc": 16717341353070100, "tenant_id": "1416", "email": "n.karamushka@socprime.com", "first_name": "Mykyta", "last_name": "Karamushka", "last_login": 1668586110830, "email_validated": true, "disable_idp_login": true, "custom_roles": [{"id": "1670910169781003196", "_etag": 11, "_schema": 1, "_created_on_utc": 16709101697810031, "_updated_on_utc": 16715332084670163, "tenant_id": "1416", "name": "audit-login", "roles": [{"name": "tenant_security_admin"}, {"name": "tenant_viewonly"}], "permissions": [{"value": "GET_/v[0-9.]+/api/tenants/[A-Za-z0-9._-]+/auditlog/[A-Za-z0-9._-]+"}, {"value": "GET_/v[0-9.]+/api/tenants/[A-Za-z0-9._-]+/auditlog"}, {"value": "POST_/v[0-9.]+/api/tenants/[A-Za-z0-9._-]+/auditlog/query"}], "custom_permissions": [], "disabled": false, "inactive": false, "region": "hood", "_created_by_operator_id": "1660314214279003696", "_updated_by_operator_id": "1660314214279003696"}], "linked_accounts": [{"id": "1668586110967018496", "_etag": 10, "_schema": 1, "_created_on_utc": 16685861109670184, "_updated_on_utc": 16717341352860099, "tenant_id": "1", "provider_key": "password", "provider_value_updated_on": 1668586489257, "failed_login_attempts": 0, "disabled": false, "inactive": false, "region": "hood", "_created_by_operator_id": "16129659131450141", "_updated_by_operator_id": "1668586110830017696"}], "settings": "{\"v1Prefs\":{\"map\":{\"state\":{\"stoplightColor\":\"alarm status\",\"mapPopoverShows\":1,\"center\":{\"lat\":17.55450799061723,\"lng\":0.041153750000000336},\"zoom\":2}},\"eulaAgreeTimestamp\":1671734133675}}", "is_locked": false, "from_esp": false, "inactive": false, "disabled": false, "region": "hood", "_created_by_operator_id": "16129659131450141", "_updated_by_operator_id": "1668586110830017696", "name": "Mykyta Karamushka"}, {"id": "1668604038150003996", "_etag": 3, "_schema": 1, "_created_on_utc": 16686040381590041, "_updated_on_utc": 16686040969920050, "tenant_id": "1416", "email": "lokesh.subramanian@diageo.com", "first_name": "Lokesh", "last_name": "Subramanian", "email_validated": true, "disable_idp_login": false, "roles": [{"name": "tenant_super"}], "custom_roles": [], "linked_accounts": [{"id": "1668604038150004096", "_etag": 3, "_schema": 1, "_created_on_utc": 16686040381500040, "_updated_on_utc": 16686040969770049, "tenant_id": "1", "provider_key": "password", "provider_value_updated_on": 1668604038056, "failed_login_attempts": 0, "disabled": false, "inactive": false, "region": "hood", "_created_by_operator_id": "guest", "_updated_by_operator_id": "1668604038150003996"}], "settings": "{\"v1Prefs\":{\"eulaAgreeTimestamp\":1668604073722,\"map\":{\"state\":{\"stoplightColor\":\"alarm status\",\"mapPopoverShows\":1,\"center\":{\"lat\":17.55450799061723,\"lng\":0.041153750000000336},\"zoom\":2}}}}", "is_locked": false, "from_esp": false, "inactive": false, "disabled": false, "region": "hood", "_created_by_operator_id": "guest", "_updated_by_operator_id": "1668604038150003996", "name": "Lokesh Subramanian"}, {"id": "1668782043599014696", "_etag": 22, "_schema": 1, "_created_on_utc": 16687820436060148, "_updated_on_utc": 16716238310300105, "tenant_id": "1416", "email": "rahul.mohan@diageo.com", "first_name": "Rahul", "last_name": "Mohan", "email_validated": true, "disable_idp_login": false, "roles": [{"name": "tenant_viewonly"}], "custom_roles": [], "linked_accounts": [{"id": "1668782043599014796", "_etag": 26, "_schema": 1, "_created_on_utc": 16687820435990147, "_updated_on_utc": 16716238310210104, "tenant_id": "1", "provider_key": "password", "provider_value_updated_on": 1668782043510, "failed_login_attempts": 0, "disabled": false, "inactive": false, "region": "hood", "_created_by_operator_id": "guest", "_updated_by_operator_id": "1668782043599014696"}], "settings": "{\"v1Prefs\":{\"map\":{\"state\":{\"stoplightColor\":\"alarm status\",\"mapPopoverShows\":1,\"center\":{\"lat\":9.253936156814463,\"lng\":5.625},\"zoom\":6},\"deviceListFilters\":{\"filter\":\"usa\",\"connected\":[\"false\"],\"type\":[\"SPOKE\"],\"tags\":[],\"cellularSupportedOnly\":false},\"siteListFilters\":{\"filter\":\"nga\",\"status\":[],\"connectivity\":[],\"domain\":[],\"type\":[],\"mode\":[],\"tags\":[]},\"machineListFilters\":{\"filter\":null,\"connected\":[],\"cellularSupportedOnly\":false}}}}", "is_locked": false, "from_esp": false, "inactive": false, "disabled": false, "region": "hood", "_created_by_operator_id": "guest", "_updated_by_operator_id": "1668782043599014696", "name": "Rahul Mohan"}, {"id": "1669110830754002296", "_etag": 35, "_schema": 1, "_created_on_utc": 16691108307600024, "_updated_on_utc": 16715403290200170, "tenant_id": "1416", "email": "saianilkumar.paritala@diageo.com", "first_name": "Saianilkumar", "last_name": "Paritala", "email_validated": true, "disable_idp_login": false, "roles": [{"name": "tenant_super"}], "custom_roles": [], "linked_accounts": [{"id": "1669110830754002396", "_etag": 39, "_schema": 1, "_created_on_utc": 16691108307540023, "_updated_on_utc": 16715403290090169, "tenant_id": "1", "provider_key": "password", "provider_value_updated_on": 1669110830671, "failed_login_attempts": 0, "disabled": false, "inactive": false, "region": "hood", "_created_by_operator_id": "guest", "_updated_by_operator_id": "1669110830754002296"}], "settings": "{\"v1Prefs\":{\"eulaAgreeTimestamp\":1669118761250,\"map\":{\"state\":{\"stoplightColor\":\"alarm status\",\"mapPopoverShows\":1,\"center\":{\"lat\":6.594355979185873,\"lng\":3.3333206176757817},\"zoom\":12},\"siteListFilters\":{\"filter\":\"179\",\"status\":[],\"connectivity\":[],\"domain\":[],\"type\":[],\"mode\":[],\"tags\":[]},\"deviceListFilters\":{\"filter\":\"19\",\"connected\":[],\"type\":[],\"tags\":[],\"cellularSupportedOnly\":false}}}}", "is_locked": false, "from_esp": false, "inactive": false, "disabled": false, "region": "hood", "_created_by_operator_id": "guest", "_updated_by_operator_id": "1669110830754002296", "name": "Saianilkumar Paritala"}, {"id": "1669128891893002896", "_etag": 344, "_schema": 1, "_created_on_utc": 16691288918990030, "_updated_on_utc": 16716183558280176, "tenant_id": "1416", "email": "sriparna.sarkar@diageo.com", "first_name": "Sriparna", "last_name": "Sarkar", "email_validated": true, "disable_idp_login": false, "roles": [{"name": "tenant_network_admin"}], "custom_roles": [], "linked_accounts": [{"id": "1669128891893002996", "_etag": 347, "_schema": 1, "_created_on_utc": 16691288918930029, "_updated_on_utc": 16716183558150175, "tenant_id": "1", "provider_key": "password", "provider_value_updated_on": 1669128891805, "failed_login_attempts": 0, "disabled": false, "inactive": false, "region": "hood", "_created_by_operator_id": "guest", "_updated_by_operator_id": "1669128891893002896"}], "settings": "{\"v1Prefs\":{\"eulaAgreeTimestamp\":1669128913667,\"map\":{\"deviceListFilters\":{\"filter\":\"sng-grg-0440-wan-sdw02\",\"connected\":[],\"type\":[],\"tags\":[],\"cellularSupportedOnly\":false},\"siteListFilters\":{\"filter\":\"345\",\"status\":[],\"connectivity\":[],\"domain\":[],\"type\":[],\"mode\":[],\"tags\":[]},\"state\":{\"stoplightColor\":\"alarm status\",\"mapPopoverShows\":1,\"center\":{\"lat\":-6.293725364787612,\"lng\":106.78493142127992},\"zoom\":17}}}}", "is_locked": false, "from_esp": false, "inactive": false, "disabled": false, "region": "hood", "_created_by_operator_id": "guest", "_updated_by_operator_id": "1669128891893002896", "name": "Sriparna Sarkar"}, {"id": "1669217509341023196", "_etag": 252, "_schema": 1, "_created_on_utc": 16692175093450233, "_updated_on_utc": 16716508031640201, "tenant_id": "1416", "email": "kalumuribhanu.nithin@diageo.com", "first_name": "Kalumuribhanu", "last_name": "Nithin", "email_validated": true, "disable_idp_login": false, "roles": [{"name": "tenant_network_admin"}], "custom_roles": [], "linked_accounts": [{"id": "1669217509341023296", "_etag": 273, "_schema": 1, "_created_on_utc": 16692175093410232, "_updated_on_utc": 16716508031500200, "tenant_id": "1", "provider_key": "password", "provider_value_updated_on": 1669217509244, "failed_login_attempts": 0, "disabled": false, "inactive": false, "region": "hood", "_created_by_operator_id": "guest", "_updated_by_operator_id": "1669217509341023196"}], "settings": "{\"v1Prefs\":{\"eulaAgreeTimestamp\":1669217538363,\"map\":{\"deviceListFilters\":{\"filter\":\"gbr-hop-1225-inet-sdw02\",\"connected\":[],\"type\":[],\"tags\":[],\"cellularSupportedOnly\":false},\"siteListFilters\":{\"filter\":\"gbr_rse-0223-wan-sdw01\",\"status\":[],\"connectivity\":[],\"domain\":[],\"type\":[],\"mode\":[],\"tags\":[]}}}}", "is_locked": false, "from_esp": false, "inactive": false, "disabled": false, "region": "hood", "_created_by_operator_id": "guest", "_updated_by_operator_id": "1669217509341023196", "name": "Kalumuribhanu Nithin"}, {"id": "1669891822972009396", "_etag": 6, "_schema": 1, "_created_on_utc": 16698918230880095, "_updated_on_utc": 16715330818310187, "tenant_id": "1416", "email": "cybercoe@diageo.com", "first_name": "CyberCOE", "last_name": "SIEM", "last_login": 1669891822972, "email_validated": true, "disable_idp_login": true, "custom_roles": [{"id": "1670910169781003196", "_etag": 11, "_schema": 1, "_created_on_utc": 16709101697810031, "_updated_on_utc": 16715332084670163, "tenant_id": "1416", "name": "audit-login", "roles": [{"name": "tenant_security_admin"}, {"name": "tenant_viewonly"}], "permissions": [{"value": "GET_/v[0-9.]+/api/tenants/[A-Za-z0-9._-]+/auditlog/[A-Za-z0-9._-]+"}, {"value": "GET_/v[0-9.]+/api/tenants/[A-Za-z0-9._-]+/auditlog"}, {"value": "POST_/v[0-9.]+/api/tenants/[A-Za-z0-9._-]+/auditlog/query"}], "custom_permissions": [], "disabled": false, "inactive": false, "region": "hood", "_created_by_operator_id": "1660314214279003696", "_updated_by_operator_id": "1660314214279003696"}], "linked_accounts": [{"id": "1669891823076009496", "_etag": 5, "_schema": 1, "_created_on_utc": 16698918230760094, "_updated_on_utc": 16715330818180186, "tenant_id": "1", "provider_key": "password", "provider_value_updated_on": 1669892072051, "failed_login_attempts": 0, "disabled": false, "inactive": false, "region": "hood", "_created_by_operator_id": "1660314214279003696", "_updated_by_operator_id": "1669891822972009396"}], "settings": "{\"v1Prefs\":{\"eulaAgreeTimestamp\":1671533081096}}", "is_locked": false, "from_esp": false, "inactive": false, "disabled": false, "region": "hood", "_created_by_operator_id": "1660314214279003696", "_updated_by_operator_id": "1669891822972009396", "name": "CyberCOE SIEM"}, {"id": "1671113422656016596", "_etag": 5, "_schema": 1, "_created_on_utc": 16711134226670167, "_updated_on_utc": 16714451949380238, "tenant_id": "1416", "email": "sunil.chauhan@diageo.com", "first_name": "Sunil", "last_name": "Chauhan", "email_validated": true, "disable_idp_login": false, "roles": [{"name": "tenant_network_admin"}], "custom_roles": [], "linked_accounts": [{"id": "1671113422656016696", "_etag": 5, "_schema": 1, "_created_on_utc": 16711134226560166, "_updated_on_utc": 16714451949260237, "tenant_id": "1", "provider_key": "password", "provider_value_updated_on": 1671113422533, "failed_login_attempts": 0, "disabled": false, "inactive": false, "region": "hood", "_created_by_operator_id": "guest", "_updated_by_operator_id": "1671113422656016596"}], "settings": "{\"v1Prefs\":{\"eulaAgreeTimestamp\":1671113480638,\"map\":{\"state\":{\"stoplightColor\":\"alarm status\",\"mapPopoverShows\":1,\"center\":{\"lat\":34.016241889667036,\"lng\":0.17578125},\"zoom\":2},\"deviceListFilters\":{\"filter\":null,\"connected\":[\"false\"],\"type\":[\"SPOKE\"],\"tags\":[],\"cellularSupportedOnly\":false}}}}", "is_locked": false, "from_esp": false, "inactive": false, "disabled": false, "region": "hood", "_created_by_operator_id": "guest", "_updated_by_operator_id": "1671113422656016596", "name": "Sunil Chauhan"}, {"id": "15985372520420157", "_etag": 11, "_schema": 1, "_created_on_utc": 16171917000030227, "_updated_on_utc": 16554711362640104, "tenant_id": "1416", "email": "pradeep.joshi1@wipro.com", "first_name": "PRadeep", "last_name": "Joshi", "email_validated": true, "disable_idp_login": true, "roles": [{"name": "tenant_viewonly"}], "custom_roles": [], "settings": "{\"v1Prefs\":{\"map\":{\"state\":{\"stoplightColor\":\"alarm status\",\"mapPopoverShows\":1,\"center\":{\"lat\":59.83668208461558,\"lng\":-0.8005149471127362},\"zoom\":2},\"deviceListFilters\":{\"filter\":null,\"connected\":[],\"type\":[\"SPOKE\"],\"tags\":[],\"cellularSupportedOnly\":false}}}}", "is_locked": false, "from_esp": true, "from_esp_name": "Wipro-ESP", "from_esp_tenant_id": "1120", "inactive": false, "disabled": false, "region": "elcapitan", "_created_by_operator_id": "1", "_updated_by_operator_id": "15985372520420157", "name": "PRadeep Joshi"}, {"id": "16129659131450141", "_etag": 938, "_schema": 1, "_created_on_utc": 16129659138150182, "_updated_on_utc": 16685977222710234, "tenant_id": "1416", "email": "suresh.29@wipro.com", "first_name": "Suresh", "last_name": "M", "email_validated": true, "disable_idp_login": true, "roles": [{"name": "tenant_super"}], "custom_roles": [], "phone_numbers": [{"country_code": 91, "number": 9880164425, "local_extension": 0}], "settings": "{\"v1Prefs\":{\"map\":{\"state\":{\"stoplightColor\":\"alarm status\",\"mapPopoverShows\":1,\"center\":{\"lat\":56.20009,\"lng\":-3.0138745},\"zoom\":17},\"deviceListFilters\":{\"filter\":\"le\",\"connected\":[\"true\"],\"type\":[\"HUB\",\"SPOKE\"],\"tags\":[],\"cellularSupportedOnly\":false},\"siteListFilters\":{\"filter\":\"elgin\",\"status\":[],\"connectivity\":[],\"domain\":[\"16124499946700175\",\"16124499946690137\",\"16124499946720138\",\"15617516337950229\"],\"type\":[],\"mode\":[],\"tags\":[]},\"machineListFilters\":{\"filter\":null,\"connected\":[],\"cellularSupportedOnly\":false}}}}", "is_locked": false, "from_esp": true, "from_esp_name": "Wipro-ESP", "from_esp_tenant_id": "1120", "inactive": false, "disabled": false, "region": "elcapitan", "_created_by_operator_id": "15009868823900116", "_updated_by_operator_id": "16129659131450141", "name": "Suresh M"}, {"id": "2", "_etag": 2, "_schema": 1, "_created_on_utc": 16563473351570254, "_updated_on_utc": 16607028326300082, "tenant_id": "1416", "email": "support@paloaltonetworks.com", "first_name": "Palo Alto Networks Support", "email_validated": true, "disable_idp_login": true, "roles": [{"name": "tenant_viewonly"}], "custom_roles": [], "is_locked": false, "from_esp": true, "from_esp_name": "Palo Alto Support", "from_esp_tenant_id": "2", "inactive": false, "disabled": false, "region": "hood", "_created_by_operator_id": "14972363046250083", "_updated_by_operator_id": "1655468021321003296", "name": "Palo Alto Networks Support"}]}